[{"model": "recipes.user", "fields": {"user_permissions": [], "surname": "", "groups": [], "password": "pbkdf2_sha256$20000$ndYUARajMrlA$7bEJ1tdqWHnpQGeWp6VCQEUlvW4s1XtfMP0HPCAuxhQ=", "last_name": "", "is_staff": true, "birthday": null, "email": "noelia.salesmontes@gmail.com", "date_joined": "2016-03-25T17:03:20.244Z", "name": "", "is_superuser": true, "username": "noelia", "first_name": "", "is_active": true, "last_login": "2016-03-25T17:04:38.063Z"}, "pk": 1}, {"model": "recipes.recipe", "fields": {"users_rating": 0, "type_of_dish": "FIRST-COURSE", "title": "Porrusalda", "owner": 1, "source": "http://noeliarcado.es/2015/03/porrusalda/", "cooking_time": 50.0, "average_rating": 0.0, "comments_number": 0, "difficulty": "LOW", "updated_timestamp": "2016-03-25T17:04:44.658Z", "language": "es", "total_rating": 0, "image": "https://c2.staticflickr.com/6/5341/17561617071_7ee1bdb54b_o.png", "created_timestamp": "2016-03-25T17:04:44.658Z", "servings": 4}, "pk": 1}, {"model": "recipes.recipe", "fields": {"users_rating": 1, "type_of_dish": "SECOND-COURSE", "title": "Macarrones al horno con bechamel de gorgonzola", "owner": 1, "source": "http://noeliarcado.es/2015/04/macarrones-al-horno-con-bechamel-de-gorgonzola/", "cooking_time": 25.0, "average_rating": 5.0, "comments_number": 1, "difficulty": "MEDIUM", "updated_timestamp": "2016-03-25T17:12:29.046Z", "language": "es", "total_rating": 5, "image": "https://c1.staticflickr.com/9/8716/16941382873_d24d37c631_o.png", "created_timestamp": "2016-03-25T17:05:05.627Z", "servings": 4}, "pk": 2}, {"model": "recipes.recipe", "fields": {"users_rating": 0, "type_of_dish": "FIRST-COURSE", "title": "Spaghetti carbonara", "owner": 1, "source": "http://noeliarcado.es/2015/04/spaghetti-carbonara/", "cooking_time": 25.0, "average_rating": 0.0, "comments_number": 0, "difficulty": "MEDIUM", "updated_timestamp": "2016-03-25T17:05:18.629Z", "language": "es", "total_rating": 0, "image": "https://c2.staticflickr.com/8/7794/17373929738_1170a8bf1b_o.png", "created_timestamp": "2016-03-25T17:05:18.629Z", "servings": 2}, "pk": 3}, {"model": "recipes.recipe", "fields": {"users_rating": 0, "type_of_dish": "FIRST-COURSE", "title": "Garbanzos pizzeros", "owner": 1, "source": "http://noeliarcado.es/2015/04/garbanzos-pizzeros/", "cooking_time": 50.0, "average_rating": 0.0, "comments_number": 0, "difficulty": "MEDIUM", "updated_timestamp": "2016-03-25T17:05:33.027Z", "language": "es", "total_rating": 0, "image": "https://c2.staticflickr.com/8/7775/17373934218_7abaa07bec_o.png", "created_timestamp": "2016-03-25T17:05:33.027Z", "servings": 2}, "pk": 4}, {"model": "recipes.recipe", "fields": {"users_rating": 0, "type_of_dish": "FIRST-COURSE", "title": "Fideu\u00e1", "owner": 1, "source": "http://noeliarcado.es/2015/04/fideua/", "cooking_time": 40.0, "average_rating": 0.0, "comments_number": 0, "difficulty": "MEDIUM", "updated_timestamp": "2016-03-25T17:05:49.513Z", "language": "es", "total_rating": 0, "image": "https://c2.staticflickr.com/6/5470/17559428122_a4322ca36c_o.png", "created_timestamp": "2016-03-25T17:05:49.513Z", "servings": 2}, "pk": 5}, {"model": "recipes.recipe", "fields": {"users_rating": 1, "type_of_dish": "FIRST-COURSE", "title": "Macarrones con espinacas y alcachofas", "owner": 1, "source": "http://noeliarcado.es/2015/04/macarrones-con-espinacas-y-alcachofas/", "cooking_time": 40.0, "average_rating": 4.0, "comments_number": 1, "difficulty": "MEDIUM", "updated_timestamp": "2016-03-25T17:12:44.976Z", "language": "es", "total_rating": 4, "image": "https://c1.staticflickr.com/9/8805/16939155954_edeba8786c_o.png", "created_timestamp": "2016-03-25T17:06:02.856Z", "servings": 4}, "pk": 6}, {"model": "recipes.recipe", "fields": {"users_rating": 0, "type_of_dish": "MAIN-DISH", "title": "Puchero gaditano", "owner": 1, "source": "http://noeliarcado.es/2015/05/puchero/", "cooking_time": 35.0, "average_rating": 0.0, "comments_number": 0, "difficulty": "LOW", "updated_timestamp": "2016-03-25T17:06:16.845Z", "language": "es", "total_rating": 0, "image": "https://c1.staticflickr.com/9/8731/17375393149_5279af0534_o.png", "created_timestamp": "2016-03-25T17:06:16.845Z", "servings": 2}, "pk": 7}, {"model": "recipes.recipe", "fields": {"users_rating": 1, "type_of_dish": "FIRST-COURSE", "title": "Nidos Luigi", "owner": 1, "source": "http://noeliarcado.es/2015/05/nidos-luigi/", "cooking_time": 20.0, "average_rating": 3.0, "comments_number": 0, "difficulty": "LOW", "updated_timestamp": "2016-03-25T17:12:39.660Z", "language": "es", "total_rating": 3, "image": "https://c2.staticflickr.com/6/5458/17567211666_3aa166defd_o.png", "created_timestamp": "2016-03-25T17:06:29.647Z", "servings": 2}, "pk": 8}, {"model": "recipes.recipe", "fields": {"users_rating": 0, "type_of_dish": "FIRST-COURSE", "title": "Risotto de champi\u00f1ones", "owner": 1, "source": "http://noeliarcado.es/2015/05/risotto-de-champinones/", "cooking_time": 35.0, "average_rating": 0.0, "comments_number": 0, "difficulty": "MEDIUM", "updated_timestamp": "2016-03-25T17:06:44.586Z", "language": "es", "total_rating": 0, "image": "https://c1.staticflickr.com/9/8887/17479615718_3e7bb8d1fd_o.png", "created_timestamp": "2016-03-25T17:06:44.586Z", "servings": 2}, "pk": 9}, {"model": "recipes.recipe", "fields": {"users_rating": 0, "type_of_dish": "APPETIZER", "title": "Spaghetti al pesto", "owner": 1, "source": "http://noeliarcado.es/2015/05/spaghetti-al-pesto/", "cooking_time": 25.0, "average_rating": 0.0, "comments_number": 0, "difficulty": "LOW", "updated_timestamp": "2016-03-25T17:07:01.559Z", "language": "es", "total_rating": 0, "image": "https://c2.staticflickr.com/8/7687/17885060832_d63b553229_o.png", "created_timestamp": "2016-03-25T17:07:01.559Z", "servings": 2}, "pk": 10}, {"model": "recipes.recipe", "fields": {"users_rating": 0, "type_of_dish": "APPETIZER", "title": "Huevos rellenos con bacon, queso azul y esp\u00e1rragos verdes", "owner": 1, "source": "http://noeliarcado.es/2015/05/huevos-rellenos-con-bacon-queso-azul-y-esparragos-verdes/", "cooking_time": 40.0, "average_rating": 0.0, "comments_number": 0, "difficulty": "MEDIUM", "updated_timestamp": "2016-03-25T17:07:16.627Z", "language": "es", "total_rating": 0, "image": "https://c2.staticflickr.com/8/7792/17773021099_4337781d24_o.png", "created_timestamp": "2016-03-25T17:07:16.627Z", "servings": 1}, "pk": 11}, {"model": "recipes.recipe", "fields": {"users_rating": 0, "type_of_dish": "APPETIZER", "title": "Empanadillas de ternera", "owner": 1, "source": "http://noeliarcado.es/2015/05/empanadillas-de-ternera/", "cooking_time": 40.0, "average_rating": 0.0, "comments_number": 0, "difficulty": "LOW", "updated_timestamp": "2016-03-25T17:07:31.439Z", "language": "es", "total_rating": 0, "image": "https://c2.staticflickr.com/6/5452/17453724613_2ea25781eb_o.png", "created_timestamp": "2016-03-25T17:07:31.439Z", "servings": 6}, "pk": 12}, {"model": "recipes.recipe", "fields": {"users_rating": 0, "type_of_dish": "MAIN-DISH", "title": "Cerdo caramelizado con patatas deluxe", "owner": 1, "source": "http://noeliarcado.es/2015/05/cerdo-caramelizado-con-patatas-deluxe/", "cooking_time": 40.0, "average_rating": 0.0, "comments_number": 0, "difficulty": "LOW", "updated_timestamp": "2016-03-25T17:07:47.022Z", "language": "es", "total_rating": 0, "image": "https://c2.staticflickr.com/8/7767/18149798392_c24103ff78_o.png", "created_timestamp": "2016-03-25T17:07:47.022Z", "servings": 2}, "pk": 13}, {"model": "recipes.recipe", "fields": {"users_rating": 0, "type_of_dish": "MAIN-DISH", "title": "Souvlaki de pollo en pan de pita con tzatziki", "owner": 1, "source": "http://noeliarcado.es/2015/05/cerdo-caramelizado-con-patatas-deluxe/", "cooking_time": 35.0, "average_rating": 0.0, "comments_number": 0, "difficulty": "MEDIUM", "updated_timestamp": "2016-03-25T17:08:05.065Z", "language": "es", "total_rating": 0, "image": "https://c2.staticflickr.com/8/7795/18148443858_f228cb9ed1_o.png", "created_timestamp": "2016-03-25T17:08:05.065Z", "servings": 2}, "pk": 14}, {"model": "recipes.recipe", "fields": {"users_rating": 0, "type_of_dish": "APPETIZER", "title": "Tamagoyaki", "owner": 1, "source": "http://noeliarcado.es/2015/06/tamagoyaki/", "cooking_time": 25.0, "average_rating": 0.0, "comments_number": 0, "difficulty": "LOW", "updated_timestamp": "2016-03-25T17:08:19.401Z", "language": "es", "total_rating": 0, "image": "https://c1.staticflickr.com/9/8829/18226471849_a3b5feb064_o.png", "created_timestamp": "2016-03-25T17:08:19.401Z", "servings": 2}, "pk": 15}, {"model": "recipes.recipe", "fields": {"users_rating": 1, "type_of_dish": "FIRST-COURSE", "title": "Pionono de calabac\u00edn", "owner": 1, "source": "http://noeliarcado.es/2015/06/pionono-de-calabacin/", "cooking_time": 60.0, "average_rating": 2.0, "comments_number": 0, "difficulty": "MEDIUM", "updated_timestamp": "2016-03-25T17:12:50.465Z", "language": "es", "total_rating": 2, "image": "https://c1.staticflickr.com/1/369/18293800010_a3fc9f9cff_o.png", "created_timestamp": "2016-03-25T17:08:39.940Z", "servings": 2}, "pk": 16}, {"model": "recipes.recipe", "fields": {"users_rating": 0, "type_of_dish": "FIRST-COURSE", "title": "Endivias horneadas con cebolla, jam\u00f3n serrano y queso emmental", "owner": 1, "source": "http://noeliarcado.es/2015/06/endivias-horneadas-con-cebolla-jamon-serrano-y-queso-emmental/", "cooking_time": 25.0, "average_rating": 0.0, "comments_number": 0, "difficulty": "LOW", "updated_timestamp": "2016-03-25T17:09:00.443Z", "language": "es", "total_rating": 0, "image": "https://c1.staticflickr.com/1/519/18588390862_78dd3b88d9_o.png", "created_timestamp": "2016-03-25T17:09:00.442Z", "servings": 2}, "pk": 17}, {"model": "recipes.recipe", "fields": {"users_rating": 0, "type_of_dish": "FIRST-COURSE", "title": "Pulpo a la gallega", "owner": 1, "source": "http://noeliarcado.es/2015/06/pulpo-a-la-gallega/", "cooking_time": 60.0, "average_rating": 0.0, "comments_number": 0, "difficulty": "MEDIUM", "updated_timestamp": "2016-03-25T17:09:17.349Z", "language": "es", "total_rating": 0, "image": "https://c1.staticflickr.com/1/399/18479688630_aab1fdd86a_o.png", "created_timestamp": "2016-03-25T17:09:17.349Z", "servings": 5}, "pk": 18}, {"model": "recipes.recipe", "fields": {"users_rating": 0, "type_of_dish": "SECOND-COURSE", "title": "Rancho canario", "owner": 1, "source": "http://noeliarcado.es/2015/04/rancho-canario/", "cooking_time": 1.0, "average_rating": 0.0, "comments_number": 0, "difficulty": "MEDIUM", "updated_timestamp": "2016-03-25T17:09:33.240Z", "language": "es", "total_rating": 0, "image": "https://c2.staticflickr.com/6/5322/16939147204_1d42ed1345_o.png", "created_timestamp": "2016-03-25T17:09:33.240Z", "servings": 4}, "pk": 19}, {"model": "recipes.recipe", "fields": {"users_rating": 0, "type_of_dish": "DESSERT", "title": "Torrijas de vino con miel", "owner": 1, "source": "http://noeliarcado.es/2015/03/torrijas-de-vino-con-miel/", "cooking_time": 40.0, "average_rating": 0.0, "comments_number": 0, "difficulty": "HIGH", "updated_timestamp": "2016-03-25T17:09:52.174Z", "language": "es", "total_rating": 0, "image": "https://c2.staticflickr.com/6/5332/16939142964_9e672531d0_o.png", "created_timestamp": "2016-03-25T17:09:52.174Z", "servings": 10}, "pk": 20}, {"model": "recipes.recipe", "fields": {"users_rating": 0, "type_of_dish": "FIRST-COURSE", "title": "Ensalada de jud\u00edas verdes y bonito", "owner": 1, "source": "http://noeliarcado.es/2015/03/ensalada-de-judias-verdes-y-bonito/", "cooking_time": 55.0, "average_rating": 0.0, "comments_number": 0, "difficulty": "MEDIUM", "updated_timestamp": "2016-03-25T17:10:08.868Z", "language": "es", "total_rating": 0, "image": "https://c2.staticflickr.com/6/5449/17374117920_089425c4b3_o.png", "created_timestamp": "2016-03-25T17:10:08.868Z", "servings": 0}, "pk": 21}, {"model": "recipes.recipecategory", "fields": {"recipe": 1, "name": "MEDITERRANEAN"}, "pk": 1}, {"model": "recipes.recipecategory", "fields": {"recipe": 1, "name": "VEGETARIAN"}, "pk": 2}, {"model": "recipes.recipecategory", "fields": {"recipe": 1, "name": "VEGAN"}, "pk": 3}, {"model": "recipes.recipecategory", "fields": {"recipe": 2, "name": "GLUTEN_ALLERGY"}, "pk": 4}, {"model": "recipes.recipecategory", "fields": {"recipe": 2, "name": "LACTOSE_ALLERGY"}, "pk": 5}, {"model": "recipes.recipecategory", "fields": {"recipe": 2, "name": "MEDITERRANEAN"}, "pk": 6}, {"model": "recipes.recipecategory", "fields": {"recipe": 2, "name": "VEGETARIAN"}, "pk": 7}, {"model": "recipes.recipecategory", "fields": {"recipe": 3, "name": "MEDITERRANEAN"}, "pk": 8}, {"model": "recipes.recipecategory", "fields": {"recipe": 4, "name": "DRIED_FRUIT_ALLERGY"}, "pk": 9}, {"model": "recipes.recipecategory", "fields": {"recipe": 4, "name": "VEGETARIAN"}, "pk": 10}, {"model": "recipes.recipecategory", "fields": {"recipe": 5, "name": "FISH_ALLERGY"}, "pk": 11}, {"model": "recipes.recipecategory", "fields": {"recipe": 5, "name": "SHELLFISH_ALLERGY"}, "pk": 12}, {"model": "recipes.recipecategory", "fields": {"recipe": 5, "name": "MEDITERRANEAN"}, "pk": 13}, {"model": "recipes.recipecategory", "fields": {"recipe": 6, "name": "LACTOSE_ALLERGY"}, "pk": 14}, {"model": "recipes.recipecategory", "fields": {"recipe": 6, "name": "VEGETARIAN"}, "pk": 15}, {"model": "recipes.recipecategory", "fields": {"recipe": 7, "name": "MEDITERRANEAN"}, "pk": 16}, {"model": "recipes.recipecategory", "fields": {"recipe": 8, "name": "LACTOSE_ALLERGY"}, "pk": 17}, {"model": "recipes.recipecategory", "fields": {"recipe": 8, "name": "FISH_ALLERGY"}, "pk": 18}, {"model": "recipes.recipecategory", "fields": {"recipe": 8, "name": "MEDITERRANEAN"}, "pk": 19}, {"model": "recipes.recipecategory", "fields": {"recipe": 9, "name": "LACTOSE_ALLERGY"}, "pk": 20}, {"model": "recipes.recipecategory", "fields": {"recipe": 9, "name": "VEGETARIAN"}, "pk": 21}, {"model": "recipes.recipecategory", "fields": {"recipe": 9, "name": "MEDITERRANEAN"}, "pk": 22}, {"model": "recipes.recipecategory", "fields": {"recipe": 10, "name": "LACTOSE_ALLERGY"}, "pk": 23}, {"model": "recipes.recipecategory", "fields": {"recipe": 10, "name": "DRIED_FRUIT_ALLERGY"}, "pk": 24}, {"model": "recipes.recipecategory", "fields": {"recipe": 10, "name": "MEDITERRANEAN"}, "pk": 25}, {"model": "recipes.recipecategory", "fields": {"recipe": 10, "name": "VEGETARIAN"}, "pk": 26}, {"model": "recipes.recipecategory", "fields": {"recipe": 10, "name": "VEGAN"}, "pk": 27}, {"model": "recipes.recipecategory", "fields": {"recipe": 12, "name": "GLUTEN_ALLERGY"}, "pk": 28}, {"model": "recipes.recipecategory", "fields": {"recipe": 12, "name": "LACTOSE_ALLERGY"}, "pk": 29}, {"model": "recipes.recipecategory", "fields": {"recipe": 13, "name": "LACTOSE_ALLERGY"}, "pk": 30}, {"model": "recipes.recipecategory", "fields": {"recipe": 14, "name": "GLUTEN_ALLERGY"}, "pk": 31}, {"model": "recipes.recipecategory", "fields": {"recipe": 14, "name": "LACTOSE_ALLERGY"}, "pk": 32}, {"model": "recipes.recipecategory", "fields": {"recipe": 14, "name": "MEDITERRANEAN"}, "pk": 33}, {"model": "recipes.recipecategory", "fields": {"recipe": 15, "name": "LACTOSE_ALLERGY"}, "pk": 34}, {"model": "recipes.recipecategory", "fields": {"recipe": 16, "name": "GLUTEN_ALLERGY"}, "pk": 35}, {"model": "recipes.recipecategory", "fields": {"recipe": 16, "name": "LACTOSE_ALLERGY"}, "pk": 36}, {"model": "recipes.recipecategory", "fields": {"recipe": 17, "name": "LACTOSE-ALLERGY"}, "pk": 37}, {"model": "recipes.recipecategory", "fields": {"recipe": 18, "name": "SHELLFISH_ALLERGY"}, "pk": 38}, {"model": "recipes.recipecategory", "fields": {"recipe": 18, "name": "MEDITERRANEAN"}, "pk": 39}, {"model": "recipes.recipecategory", "fields": {"recipe": 19, "name": "MEDITERRANEAN"}, "pk": 40}, {"model": "recipes.recipecategory", "fields": {"recipe": 20, "name": "GLUTEN_ALLERGY"}, "pk": 41}, {"model": "recipes.recipecategory", "fields": {"recipe": 20, "name": "LACTOSE_ALLERGY"}, "pk": 42}, {"model": "recipes.recipecategory", "fields": {"recipe": 20, "name": "VEGETARIAN"}, "pk": 43}, {"model": "recipes.recipeingredient", "fields": {"recipe": 1, "sort_number": 1, "name": "cebolla", "quantity": 1.0, "measurement_unit": "unit"}, "pk": 1}, {"model": "recipes.recipeingredient", "fields": {"recipe": 1, "sort_number": 2, "name": "puerros", "quantity": 4.0, "measurement_unit": "unit"}, "pk": 2}, {"model": "recipes.recipeingredient", "fields": {"recipe": 1, "sort_number": 3, "name": "zanahorias", "quantity": 3.0, "measurement_unit": "unit"}, "pk": 3}, {"model": "recipes.recipeingredient", "fields": {"recipe": 1, "sort_number": 4, "name": "patata", "quantity": 1.0, "measurement_unit": "unit"}, "pk": 4}, {"model": "recipes.recipeingredient", "fields": {"recipe": 1, "sort_number": 5, "name": "caldo", "quantity": 1.5, "measurement_unit": "l"}, "pk": 5}, {"model": "recipes.recipeingredient", "fields": {"recipe": 1, "sort_number": 6, "name": "albahaca", "quantity": 0.0, "measurement_unit": "unit"}, "pk": 6}, {"model": "recipes.recipeingredient", "fields": {"recipe": 1, "sort_number": 7, "name": "aceite de oliva virgen extra", "quantity": 0.0, "measurement_unit": "unit"}, "pk": 7}, {"model": "recipes.recipeingredient", "fields": {"recipe": 1, "sort_number": 8, "name": "sal", "quantity": 0.0, "measurement_unit": "unit"}, "pk": 8}, {"model": "recipes.recipeingredient", "fields": {"recipe": 1, "sort_number": 9, "name": "pimienta", "quantity": 0.0, "measurement_unit": "unit"}, "pk": 9}, {"model": "recipes.recipeingredient", "fields": {"recipe": 2, "sort_number": 1, "name": "macarrones", "quantity": 400.0, "measurement_unit": "g"}, "pk": 10}, {"model": "recipes.recipeingredient", "fields": {"recipe": 2, "sort_number": 2, "name": "harina de trigo", "quantity": 120.0, "measurement_unit": "g"}, "pk": 11}, {"model": "recipes.recipeingredient", "fields": {"recipe": 2, "sort_number": 3, "name": "aceite de oliva virgen extra", "quantity": 120.0, "measurement_unit": "g"}, "pk": 12}, {"model": "recipes.recipeingredient", "fields": {"recipe": 2, "sort_number": 4, "name": "leche", "quantity": 800.0, "measurement_unit": "ml"}, "pk": 13}, {"model": "recipes.recipeingredient", "fields": {"recipe": 2, "sort_number": 5, "name": "queso gorgonzola", "quantity": 150.0, "measurement_unit": "g"}, "pk": 14}, {"model": "recipes.recipeingredient", "fields": {"recipe": 2, "sort_number": 6, "name": "sal", "quantity": 0.0, "measurement_unit": "unit"}, "pk": 15}, {"model": "recipes.recipeingredient", "fields": {"recipe": 2, "sort_number": 7, "name": "pimienta negra", "quantity": 0.0, "measurement_unit": "unit"}, "pk": 16}, {"model": "recipes.recipeingredient", "fields": {"recipe": 2, "sort_number": 8, "name": "nuez moscada", "quantity": 0.0, "measurement_unit": "unit"}, "pk": 17}, {"model": "recipes.recipeingredient", "fields": {"recipe": 2, "sort_number": 9, "name": "queso mozzarella", "quantity": 0.0, "measurement_unit": "unit"}, "pk": 18}, {"model": "recipes.recipeingredient", "fields": {"recipe": 2, "sort_number": 10, "name": "or\u00e9gano", "quantity": 0.0, "measurement_unit": "unit"}, "pk": 19}, {"model": "recipes.recipeingredient", "fields": {"recipe": 2, "sort_number": 11, "name": "patatas fritas", "quantity": 0.0, "measurement_unit": "unit"}, "pk": 20}, {"model": "recipes.recipeingredient", "fields": {"recipe": 3, "sort_number": 1, "name": "spaghetti", "quantity": 180.0, "measurement_unit": "g"}, "pk": 21}, {"model": "recipes.recipeingredient", "fields": {"recipe": 3, "sort_number": 2, "name": "queso parmesano", "quantity": 60.0, "measurement_unit": "g"}, "pk": 22}, {"model": "recipes.recipeingredient", "fields": {"recipe": 3, "sort_number": 3, "name": "bacon", "quantity": 60.0, "measurement_unit": "g"}, "pk": 23}, {"model": "recipes.recipeingredient", "fields": {"recipe": 3, "sort_number": 4, "name": "yemas de huevo", "quantity": 2.0, "measurement_unit": "unit"}, "pk": 24}, {"model": "recipes.recipeingredient", "fields": {"recipe": 3, "sort_number": 5, "name": "sal", "quantity": 0.0, "measurement_unit": "unit"}, "pk": 25}, {"model": "recipes.recipeingredient", "fields": {"recipe": 3, "sort_number": 6, "name": "pimienta negra", "quantity": 0.0, "measurement_unit": "unit"}, "pk": 26}, {"model": "recipes.recipeingredient", "fields": {"recipe": 4, "sort_number": 1, "name": "garbanzos", "quantity": 240.0, "measurement_unit": "g"}, "pk": 27}, {"model": "recipes.recipeingredient", "fields": {"recipe": 4, "sort_number": 2, "name": "aceite de oliva virgen extra", "quantity": 1.0, "measurement_unit": "tbsp"}, "pk": 28}, {"model": "recipes.recipeingredient", "fields": {"recipe": 4, "sort_number": 3, "name": "hierbas variadas", "quantity": 0.5, "measurement_unit": "tsp"}, "pk": 29}, {"model": "recipes.recipeingredient", "fields": {"recipe": 4, "sort_number": 4, "name": "sal", "quantity": 0.0, "measurement_unit": "unit"}, "pk": 30}, {"model": "recipes.recipeingredient", "fields": {"recipe": 4, "sort_number": 5, "name": "pimienta negra", "quantity": 0.0, "measurement_unit": "unit"}, "pk": 31}, {"model": "recipes.recipeingredient", "fields": {"recipe": 4, "sort_number": 6, "name": "albahaca", "quantity": 0.0, "measurement_unit": "unit"}, "pk": 32}, {"model": "recipes.recipeingredient", "fields": {"recipe": 4, "sort_number": 7, "name": "tomate frito", "quantity": 1.0, "measurement_unit": "tbsp"}, "pk": 33}, {"model": "recipes.recipeingredient", "fields": {"recipe": 4, "sort_number": 8, "name": "tomates secos", "quantity": 3.0, "measurement_unit": "unit"}, "pk": 34}, {"model": "recipes.recipeingredient", "fields": {"recipe": 4, "sort_number": 9, "name": "queso mozzarella", "quantity": 30.0, "measurement_unit": "g"}, "pk": 35}, {"model": "recipes.recipeingredient", "fields": {"recipe": 4, "sort_number": 10, "name": "pi\u00f1ones", "quantity": 1.0, "measurement_unit": "tbsp"}, "pk": 36}, {"model": "recipes.recipeingredient", "fields": {"recipe": 5, "sort_number": 1, "name": "dientes de ajo", "quantity": 2.0, "measurement_unit": "g"}, "pk": 37}, {"model": "recipes.recipeingredient", "fields": {"recipe": 5, "sort_number": 2, "name": "cebolla", "quantity": 0.5, "measurement_unit": "unit"}, "pk": 38}, {"model": "recipes.recipeingredient", "fields": {"recipe": 5, "sort_number": 3, "name": "tomate triturado", "quantity": 300.0, "measurement_unit": "g"}, "pk": 39}, {"model": "recipes.recipeingredient", "fields": {"recipe": 5, "sort_number": 4, "name": "cola de rape", "quantity": 1.0, "measurement_unit": "unit"}, "pk": 40}, {"model": "recipes.recipeingredient", "fields": {"recipe": 5, "sort_number": 5, "name": "gambas", "quantity": 150.0, "measurement_unit": "g"}, "pk": 41}, {"model": "recipes.recipeingredient", "fields": {"recipe": 5, "sort_number": 6, "name": "almejas", "quantity": 60.0, "measurement_unit": "g"}, "pk": 42}, {"model": "recipes.recipeingredient", "fields": {"recipe": 5, "sort_number": 7, "name": "calamares", "quantity": 60.0, "measurement_unit": "g"}, "pk": 43}, {"model": "recipes.recipeingredient", "fields": {"recipe": 5, "sort_number": 8, "name": "fideos de fideu\u00e1", "quantity": 150.0, "measurement_unit": "g"}, "pk": 44}, {"model": "recipes.recipeingredient", "fields": {"recipe": 5, "sort_number": 9, "name": "fumet de pescado", "quantity": 400.0, "measurement_unit": "ml"}, "pk": 45}, {"model": "recipes.recipeingredient", "fields": {"recipe": 5, "sort_number": 10, "name": "aceite de oliva virgen extra", "quantity": 0.0, "measurement_unit": "unit"}, "pk": 46}, {"model": "recipes.recipeingredient", "fields": {"recipe": 5, "sort_number": 11, "name": "sal", "quantity": 0.0, "measurement_unit": "unit"}, "pk": 47}, {"model": "recipes.recipeingredient", "fields": {"recipe": 6, "sort_number": 1, "name": "macarrones", "quantity": 200.0, "measurement_unit": "g"}, "pk": 48}, {"model": "recipes.recipeingredient", "fields": {"recipe": 6, "sort_number": 2, "name": "cebolla", "quantity": 0.5, "measurement_unit": "unit"}, "pk": 49}, {"model": "recipes.recipeingredient", "fields": {"recipe": 6, "sort_number": 3, "name": "aceite de oliva virgen extra", "quantity": 2.0, "measurement_unit": "tbsp"}, "pk": 50}, {"model": "recipes.recipeingredient", "fields": {"recipe": 6, "sort_number": 4, "name": "dientes de ajo", "quantity": 2.0, "measurement_unit": "unit"}, "pk": 51}, {"model": "recipes.recipeingredient", "fields": {"recipe": 6, "sort_number": 5, "name": "harina de trigo", "quantity": 3.0, "measurement_unit": "tbsp"}, "pk": 52}, {"model": "recipes.recipeingredient", "fields": {"recipe": 6, "sort_number": 6, "name": "leche", "quantity": 500.0, "measurement_unit": "ml"}, "pk": 53}, {"model": "recipes.recipeingredient", "fields": {"recipe": 6, "sort_number": 7, "name": "queso crema", "quantity": 200.0, "measurement_unit": "g"}, "pk": 54}, {"model": "recipes.recipeingredient", "fields": {"recipe": 6, "sort_number": 8, "name": "queso parmesano", "quantity": 60.0, "measurement_unit": "g"}, "pk": 55}, {"model": "recipes.recipeingredient", "fields": {"recipe": 6, "sort_number": 9, "name": "queso mozzarella", "quantity": 100.0, "measurement_unit": "g"}, "pk": 56}, {"model": "recipes.recipeingredient", "fields": {"recipe": 6, "sort_number": 10, "name": "alcachofas", "quantity": 10.0, "measurement_unit": "unit"}, "pk": 57}, {"model": "recipes.recipeingredient", "fields": {"recipe": 6, "sort_number": 11, "name": "espinacas", "quantity": 225.0, "measurement_unit": "g"}, "pk": 58}, {"model": "recipes.recipeingredient", "fields": {"recipe": 6, "sort_number": 12, "name": "sal", "quantity": 0.0, "measurement_unit": "unit"}, "pk": 59}, {"model": "recipes.recipeingredient", "fields": {"recipe": 6, "sort_number": 12, "name": "pimienta negra", "quantity": 0.0, "measurement_unit": "unit"}, "pk": 60}, {"model": "recipes.recipeingredient", "fields": {"recipe": 7, "sort_number": 1, "name": "morcillo de ternera", "quantity": 200.0, "measurement_unit": "g"}, "pk": 61}, {"model": "recipes.recipeingredient", "fields": {"recipe": 7, "sort_number": 2, "name": "muslo y contramuslo de pollo", "quantity": 1.0, "measurement_unit": "unit"}, "pk": 62}, {"model": "recipes.recipeingredient", "fields": {"recipe": 7, "sort_number": 3, "name": "jam\u00f3n", "quantity": 50.0, "measurement_unit": "g"}, "pk": 63}, {"model": "recipes.recipeingredient", "fields": {"recipe": 7, "sort_number": 4, "name": "hueso de pata de cerdo salada", "quantity": 1.0, "measurement_unit": "unit"}, "pk": 64}, {"model": "recipes.recipeingredient", "fields": {"recipe": 7, "sort_number": 5, "name": "hueso de espinazo", "quantity": 1.0, "measurement_unit": "unit"}, "pk": 65}, {"model": "recipes.recipeingredient", "fields": {"recipe": 7, "sort_number": 6, "name": "trozo de tocino", "quantity": 1.0, "measurement_unit": "unit"}, "pk": 66}, {"model": "recipes.recipeingredient", "fields": {"recipe": 7, "sort_number": 7, "name": "trozo de a\u00f1ejo", "quantity": 1.0, "measurement_unit": "unit"}, "pk": 67}, {"model": "recipes.recipeingredient", "fields": {"recipe": 7, "sort_number": 8, "name": "garbanzos", "quantity": 200.0, "measurement_unit": "g"}, "pk": 68}, {"model": "recipes.recipeingredient", "fields": {"recipe": 7, "sort_number": 9, "name": "patatas", "quantity": 2.0, "measurement_unit": "unit"}, "pk": 69}, {"model": "recipes.recipeingredient", "fields": {"recipe": 7, "sort_number": 10, "name": "puerro", "quantity": 1.0, "measurement_unit": "unit"}, "pk": 70}, {"model": "recipes.recipeingredient", "fields": {"recipe": 7, "sort_number": 11, "name": "penca de apio", "quantity": 1.0, "measurement_unit": "unit"}, "pk": 71}, {"model": "recipes.recipeingredient", "fields": {"recipe": 7, "sort_number": 12, "name": "agua", "quantity": 2.0, "measurement_unit": "l"}, "pk": 72}, {"model": "recipes.recipeingredient", "fields": {"recipe": 8, "sort_number": 1, "name": "tagliatelle de espinacas", "quantity": 220.0, "measurement_unit": "g"}, "pk": 73}, {"model": "recipes.recipeingredient", "fields": {"recipe": 8, "sort_number": 2, "name": "or\u00e9gano", "quantity": 0.0, "measurement_unit": "unit"}, "pk": 74}, {"model": "recipes.recipeingredient", "fields": {"recipe": 8, "sort_number": 3, "name": "queso roquefort", "quantity": 80.0, "measurement_unit": "g"}, "pk": 75}, {"model": "recipes.recipeingredient", "fields": {"recipe": 8, "sort_number": 4, "name": "brandy", "quantity": 10.0, "measurement_unit": "ml"}, "pk": 76}, {"model": "recipes.recipeingredient", "fields": {"recipe": 8, "sort_number": 5, "name": "nata de cocinar", "quantity": 200.0, "measurement_unit": "ml"}, "pk": 77}, {"model": "recipes.recipeingredient", "fields": {"recipe": 8, "sort_number": 6, "name": "pimienta", "quantity": 0.0, "measurement_unit": "unit"}, "pk": 78}, {"model": "recipes.recipeingredient", "fields": {"recipe": 8, "sort_number": 7, "name": "salm\u00f3n ahumado", "quantity": 60.0, "measurement_unit": "g"}, "pk": 79}, {"model": "recipes.recipeingredient", "fields": {"recipe": 8, "sort_number": 8, "name": "huevas de lumpo", "quantity": 0.0, "measurement_unit": "unit"}, "pk": 80}, {"model": "recipes.recipeingredient", "fields": {"recipe": 9, "sort_number": 1, "name": "arroz bomba", "quantity": 180.0, "measurement_unit": "g"}, "pk": 81}, {"model": "recipes.recipeingredient", "fields": {"recipe": 9, "sort_number": 2, "name": "caldo", "quantity": 700.0, "measurement_unit": "ml"}, "pk": 82}, {"model": "recipes.recipeingredient", "fields": {"recipe": 9, "sort_number": 3, "name": "champi\u00f1ones", "quantity": 250.0, "measurement_unit": "g"}, "pk": 83}, {"model": "recipes.recipeingredient", "fields": {"recipe": 9, "sort_number": 4, "name": "cebolla", "quantity": 100.0, "measurement_unit": "g"}, "pk": 84}, {"model": "recipes.recipeingredient", "fields": {"recipe": 9, "sort_number": 5, "name": "queso parmesano", "quantity": 60.0, "measurement_unit": "g"}, "pk": 85}, {"model": "recipes.recipeingredient", "fields": {"recipe": 9, "sort_number": 6, "name": "vino blanco", "quantity": 100.0, "measurement_unit": "ml"}, "pk": 86}, {"model": "recipes.recipeingredient", "fields": {"recipe": 9, "sort_number": 7, "name": "aceite de oliva virgen extra", "quantity": 0.0, "measurement_unit": "unit"}, "pk": 87}, {"model": "recipes.recipeingredient", "fields": {"recipe": 9, "sort_number": 8, "name": "mantequilla", "quantity": 20.0, "measurement_unit": "g"}, "pk": 88}, {"model": "recipes.recipeingredient", "fields": {"recipe": 9, "sort_number": 9, "name": "sal", "quantity": 0.0, "measurement_unit": "unit"}, "pk": 89}, {"model": "recipes.recipeingredient", "fields": {"recipe": 9, "sort_number": 10, "name": "pimienta", "quantity": 0.0, "measurement_unit": "unit"}, "pk": 90}, {"model": "recipes.recipeingredient", "fields": {"recipe": 10, "sort_number": 1, "name": "albahaca fresca", "quantity": 15.0, "measurement_unit": "g"}, "pk": 91}, {"model": "recipes.recipeingredient", "fields": {"recipe": 10, "sort_number": 2, "name": "diente de ajo", "quantity": 1.0, "measurement_unit": "unit"}, "pk": 92}, {"model": "recipes.recipeingredient", "fields": {"recipe": 10, "sort_number": 3, "name": "pi\u00f1ones", "quantity": 50.0, "measurement_unit": "g"}, "pk": 93}, {"model": "recipes.recipeingredient", "fields": {"recipe": 10, "sort_number": 4, "name": "queso parmesano", "quantity": 30.0, "measurement_unit": "g"}, "pk": 94}, {"model": "recipes.recipeingredient", "fields": {"recipe": 10, "sort_number": 5, "name": "queso pecorino", "quantity": 30.0, "measurement_unit": "g"}, "pk": 95}, {"model": "recipes.recipeingredient", "fields": {"recipe": 10, "sort_number": 6, "name": "sal", "quantity": 0.0, "measurement_unit": "unit"}, "pk": 96}, {"model": "recipes.recipeingredient", "fields": {"recipe": 10, "sort_number": 7, "name": "aceite de oliva virgen extra", "quantity": 0.0, "measurement_unit": "unit"}, "pk": 97}, {"model": "recipes.recipeingredient", "fields": {"recipe": 11, "sort_number": 1, "name": "huevos", "quantity": 3.0, "measurement_unit": "unit"}, "pk": 98}, {"model": "recipes.recipeingredient", "fields": {"recipe": 11, "sort_number": 2, "name": "mayonesa", "quantity": 1.0, "measurement_unit": "tbsp"}, "pk": 99}, {"model": "recipes.recipeingredient", "fields": {"recipe": 11, "sort_number": 3, "name": "queso azul", "quantity": 20.0, "measurement_unit": "g"}, "pk": 100}, {"model": "recipes.recipeingredient", "fields": {"recipe": 11, "sort_number": 4, "name": "bacon", "quantity": 1.0, "measurement_unit": "rasher"}, "pk": 101}, {"model": "recipes.recipeingredient", "fields": {"recipe": 11, "sort_number": 5, "name": "esp\u00e1rragos verdes", "quantity": 3.0, "measurement_unit": "unit"}, "pk": 102}, {"model": "recipes.recipeingredient", "fields": {"recipe": 11, "sort_number": 6, "name": "sal", "quantity": 0.0, "measurement_unit": "unit"}, "pk": 103}, {"model": "recipes.recipeingredient", "fields": {"recipe": 11, "sort_number": 7, "name": "pimienta", "quantity": 0.0, "measurement_unit": "unit"}, "pk": 104}, {"model": "recipes.recipeingredient", "fields": {"recipe": 11, "sort_number": 7, "name": "ajo molido", "quantity": 0.0, "measurement_unit": "unit"}, "pk": 105}, {"model": "recipes.recipeingredient", "fields": {"recipe": 11, "sort_number": 9, "name": "aceite de oliva virgen extra", "quantity": 0.0, "measurement_unit": "unit"}, "pk": 106}, {"model": "recipes.recipeingredient", "fields": {"recipe": 12, "sort_number": 1, "name": "l\u00e1minas de hojaldre", "quantity": 2.0, "measurement_unit": "unit"}, "pk": 107}, {"model": "recipes.recipeingredient", "fields": {"recipe": 12, "sort_number": 2, "name": "aceite de oliva virgen extra", "quantity": 0.0, "measurement_unit": "unit"}, "pk": 108}, {"model": "recipes.recipeingredient", "fields": {"recipe": 12, "sort_number": 3, "name": "cebolla", "quantity": 1.0, "measurement_unit": "unit"}, "pk": 109}, {"model": "recipes.recipeingredient", "fields": {"recipe": 12, "sort_number": 4, "name": "carne de ternera picada", "quantity": 250.0, "measurement_unit": "g"}, "pk": 110}, {"model": "recipes.recipeingredient", "fields": {"recipe": 12, "sort_number": 5, "name": "tomate frito", "quantity": 100.0, "measurement_unit": "ml"}, "pk": 111}, {"model": "recipes.recipeingredient", "fields": {"recipe": 12, "sort_number": 6, "name": "harina de trigo", "quantity": 1.0, "measurement_unit": "tsp"}, "pk": 112}, {"model": "recipes.recipeingredient", "fields": {"recipe": 12, "sort_number": 7, "name": "leche", "quantity": 80.0, "measurement_unit": "ml"}, "pk": 113}, {"model": "recipes.recipeingredient", "fields": {"recipe": 12, "sort_number": 8, "name": "sal", "quantity": 0.0, "measurement_unit": "unit"}, "pk": 114}, {"model": "recipes.recipeingredient", "fields": {"recipe": 12, "sort_number": 9, "name": "pimienta", "quantity": 0.0, "measurement_unit": "unit"}, "pk": 115}, {"model": "recipes.recipeingredient", "fields": {"recipe": 13, "sort_number": 1, "name": "cerdo", "quantity": 200.0, "measurement_unit": "g"}, "pk": 116}, {"model": "recipes.recipeingredient", "fields": {"recipe": 13, "sort_number": 2, "name": "miel", "quantity": 3.0, "measurement_unit": "tbsp"}, "pk": 117}, {"model": "recipes.recipeingredient", "fields": {"recipe": 13, "sort_number": 3, "name": "mostaza de Dijon", "quantity": 2.0, "measurement_unit": "tbsp"}, "pk": 118}, {"model": "recipes.recipeingredient", "fields": {"recipe": 13, "sort_number": 4, "name": "nata de cocinar", "quantity": 200.0, "measurement_unit": "ml"}, "pk": 119}, {"model": "recipes.recipeingredient", "fields": {"recipe": 13, "sort_number": 5, "name": "patatas", "quantity": 4.0, "measurement_unit": "unit"}, "pk": 120}, {"model": "recipes.recipeingredient", "fields": {"recipe": 13, "sort_number": 6, "name": "aceite de oliva virgen extra", "quantity": 0.0, "measurement_unit": "unit"}, "pk": 121}, {"model": "recipes.recipeingredient", "fields": {"recipe": 13, "sort_number": 7, "name": "sal", "quantity": 0.0, "measurement_unit": "unit"}, "pk": 122}, {"model": "recipes.recipeingredient", "fields": {"recipe": 13, "sort_number": 8, "name": "pimienta", "quantity": 0.0, "measurement_unit": "unit"}, "pk": 123}, {"model": "recipes.recipeingredient", "fields": {"recipe": 13, "sort_number": 9, "name": "piment\u00f3n dulce", "quantity": 1.0, "measurement_unit": "tsp"}, "pk": 124}, {"model": "recipes.recipeingredient", "fields": {"recipe": 13, "sort_number": 10, "name": "piment\u00f3n picante", "quantity": 1.0, "measurement_unit": "tsp"}, "pk": 125}, {"model": "recipes.recipeingredient", "fields": {"recipe": 13, "sort_number": 11, "name": "comino molido", "quantity": 1.0, "measurement_unit": "tsp"}, "pk": 126}, {"model": "recipes.recipeingredient", "fields": {"recipe": 13, "sort_number": 12, "name": "or\u00e9gano", "quantity": 1.0, "measurement_unit": "tsp"}, "pk": 127}, {"model": "recipes.recipeingredient", "fields": {"recipe": 13, "sort_number": 13, "name": "ajo molido", "quantity": 1.0, "measurement_unit": "tsp"}, "pk": 128}, {"model": "recipes.recipeingredient", "fields": {"recipe": 13, "sort_number": 14, "name": "garam masala", "quantity": 1.0, "measurement_unit": "tsp"}, "pk": 129}, {"model": "recipes.recipeingredient", "fields": {"recipe": 14, "sort_number": 1, "name": "pechugas de pollo", "quantity": 1.0, "measurement_unit": "unit"}, "pk": 130}, {"model": "recipes.recipeingredient", "fields": {"recipe": 14, "sort_number": 2, "name": "aceite de oliva virgen", "quantity": 80.0, "measurement_unit": "ml"}, "pk": 131}, {"model": "recipes.recipeingredient", "fields": {"recipe": 14, "sort_number": 3, "name": "sal", "quantity": 0.0, "measurement_unit": "unit"}, "pk": 132}, {"model": "recipes.recipeingredient", "fields": {"recipe": 14, "sort_number": 4, "name": "pimienta", "quantity": 0.0, "measurement_unit": "unit"}, "pk": 133}, {"model": "recipes.recipeingredient", "fields": {"recipe": 14, "sort_number": 5, "name": "jengibre molido", "quantity": 1.0, "measurement_unit": "tsp"}, "pk": 134}, {"model": "recipes.recipeingredient", "fields": {"recipe": 14, "sort_number": 6, "name": "ajo molido", "quantity": 2.0, "measurement_unit": "tsp"}, "pk": 135}, {"model": "recipes.recipeingredient", "fields": {"recipe": 14, "sort_number": 7, "name": "piment\u00f3n picante", "quantity": 1.0, "measurement_unit": "tsp"}, "pk": 136}, {"model": "recipes.recipeingredient", "fields": {"recipe": 14, "sort_number": 8, "name": "semillas de s\u00e9samo", "quantity": 1.0, "measurement_unit": "tsp"}, "pk": 137}, {"model": "recipes.recipeingredient", "fields": {"recipe": 14, "sort_number": 9, "name": "comino molido", "quantity": 1.0, "measurement_unit": "tsp"}, "pk": 138}, {"model": "recipes.recipeingredient", "fields": {"recipe": 14, "sort_number": 10, "name": "canela", "quantity": 1.0, "measurement_unit": "tsp"}, "pk": 139}, {"model": "recipes.recipeingredient", "fields": {"recipe": 14, "sort_number": 11, "name": "guindilla molida", "quantity": 1.0, "measurement_unit": "tsp"}, "pk": 140}, {"model": "recipes.recipeingredient", "fields": {"recipe": 14, "sort_number": 12, "name": "cilantro", "quantity": 1.0, "measurement_unit": "tsp"}, "pk": 141}, {"model": "recipes.recipeingredient", "fields": {"recipe": 14, "sort_number": 13, "name": "tomillo", "quantity": 1.0, "measurement_unit": "tsp"}, "pk": 142}, {"model": "recipes.recipeingredient", "fields": {"recipe": 14, "sort_number": 14, "name": "c\u00farcuma", "quantity": 1.0, "measurement_unit": "tsp"}, "pk": 143}, {"model": "recipes.recipeingredient", "fields": {"recipe": 14, "sort_number": 15, "name": "pepino", "quantity": 1.0, "measurement_unit": "unit"}, "pk": 144}, {"model": "recipes.recipeingredient", "fields": {"recipe": 14, "sort_number": 16, "name": "yogur griego", "quantity": 1.0, "measurement_unit": "unit"}, "pk": 145}, {"model": "recipes.recipeingredient", "fields": {"recipe": 14, "sort_number": 17, "name": "eneldo", "quantity": 1.0, "measurement_unit": "tsp"}, "pk": 146}, {"model": "recipes.recipeingredient", "fields": {"recipe": 14, "sort_number": 18, "name": "lechuga", "quantity": 0.0, "measurement_unit": "unit"}, "pk": 147}, {"model": "recipes.recipeingredient", "fields": {"recipe": 14, "sort_number": 19, "name": "tomate", "quantity": 1.0, "measurement_unit": "unit"}, "pk": 148}, {"model": "recipes.recipeingredient", "fields": {"recipe": 14, "sort_number": 20, "name": "tomate", "quantity": 1.0, "measurement_unit": "unit"}, "pk": 149}, {"model": "recipes.recipeingredient", "fields": {"recipe": 14, "sort_number": 21, "name": "queso feta", "quantity": 40.0, "measurement_unit": "g"}, "pk": 150}, {"model": "recipes.recipeingredient", "fields": {"recipe": 14, "sort_number": 22, "name": "pan de pita", "quantity": 4.0, "measurement_unit": "unit"}, "pk": 151}, {"model": "recipes.recipeingredient", "fields": {"recipe": 14, "sort_number": 23, "name": "vinagre de Jerez", "quantity": 0.0, "measurement_unit": "unit"}, "pk": 152}, {"model": "recipes.recipeingredient", "fields": {"recipe": 15, "sort_number": 1, "name": "huevos", "quantity": 3.0, "measurement_unit": "unit"}, "pk": 153}, {"model": "recipes.recipeingredient", "fields": {"recipe": 15, "sort_number": 2, "name": "leche", "quantity": 1.0, "measurement_unit": "tbsp"}, "pk": 154}, {"model": "recipes.recipeingredient", "fields": {"recipe": 15, "sort_number": 3, "name": "cebolleta", "quantity": 0.25, "measurement_unit": "unit"}, "pk": 155}, {"model": "recipes.recipeingredient", "fields": {"recipe": 15, "sort_number": 4, "name": "pimiento verde de fre\u00edr", "quantity": 0.5, "measurement_unit": "unit"}, "pk": 156}, {"model": "recipes.recipeingredient", "fields": {"recipe": 15, "sort_number": 5, "name": "pimiento rojo de fre\u00edr", "quantity": 0.5, "measurement_unit": "unit"}, "pk": 157}, {"model": "recipes.recipeingredient", "fields": {"recipe": 15, "sort_number": 6, "name": "sal", "quantity": 0.0, "measurement_unit": "unit"}, "pk": 158}, {"model": "recipes.recipeingredient", "fields": {"recipe": 15, "sort_number": 6, "name": "pimienta", "quantity": 0.0, "measurement_unit": "unit"}, "pk": 159}, {"model": "recipes.recipeingredient", "fields": {"recipe": 16, "sort_number": 1, "name": "aceite de oliva", "quantity": 40.0, "measurement_unit": "ml"}, "pk": 160}, {"model": "recipes.recipeingredient", "fields": {"recipe": 16, "sort_number": 2, "name": "cebolla", "quantity": 150.0, "measurement_unit": "g"}, "pk": 161}, {"model": "recipes.recipeingredient", "fields": {"recipe": 16, "sort_number": 3, "name": "champi\u00f1ones", "quantity": 200.0, "measurement_unit": "g"}, "pk": 162}, {"model": "recipes.recipeingredient", "fields": {"recipe": 16, "sort_number": 4, "name": "leche", "quantity": 100.0, "measurement_unit": "g"}, "pk": 163}, {"model": "recipes.recipeingredient", "fields": {"recipe": 16, "sort_number": 5, "name": "queso emmental", "quantity": 120.0, "measurement_unit": "g"}, "pk": 164}, {"model": "recipes.recipeingredient", "fields": {"recipe": 16, "sort_number": 6, "name": "bonito", "quantity": 100.0, "measurement_unit": "g"}, "pk": 165}, {"model": "recipes.recipeingredient", "fields": {"recipe": 16, "sort_number": 7, "name": "sal", "quantity": 0.0, "measurement_unit": "unit"}, "pk": 166}, {"model": "recipes.recipeingredient", "fields": {"recipe": 16, "sort_number": 8, "name": "pimienta", "quantity": 0.0, "measurement_unit": "unit"}, "pk": 167}, {"model": "recipes.recipeingredient", "fields": {"recipe": 16, "sort_number": 9, "name": "calabac\u00edn", "quantity": 1.0, "measurement_unit": "unit"}, "pk": 168}, {"model": "recipes.recipeingredient", "fields": {"recipe": 16, "sort_number": 10, "name": "huevos", "quantity": 4.0, "measurement_unit": "unit"}, "pk": 169}, {"model": "recipes.recipeingredient", "fields": {"recipe": 16, "sort_number": 11, "name": "harina de trigo", "quantity": 50.0, "measurement_unit": "g"}, "pk": 170}, {"model": "recipes.recipeingredient", "fields": {"recipe": 16, "sort_number": 8, "name": "levadura", "quantity": 10.0, "measurement_unit": "g"}, "pk": 171}, {"model": "recipes.recipeingredient", "fields": {"recipe": 16, "sort_number": 8, "name": "sal", "quantity": 0.0, "measurement_unit": "unit"}, "pk": 172}, {"model": "recipes.recipeingredient", "fields": {"recipe": 17, "sort_number": 1, "name": "endivias", "quantity": 3.0, "measurement_unit": "unit"}, "pk": 173}, {"model": "recipes.recipeingredient", "fields": {"recipe": 17, "sort_number": 2, "name": "cebolla", "quantity": 1.0, "measurement_unit": "unit"}, "pk": 174}, {"model": "recipes.recipeingredient", "fields": {"recipe": 17, "sort_number": 3, "name": "jam\u00f3n serrano", "quantity": 3.0, "measurement_unit": "rasher"}, "pk": 175}, {"model": "recipes.recipeingredient", "fields": {"recipe": 17, "sort_number": 4, "name": "queso emmental", "quantity": 100.0, "measurement_unit": "g"}, "pk": 176}, {"model": "recipes.recipeingredient", "fields": {"recipe": 17, "sort_number": 5, "name": "aceite de oliva virgen extra", "quantity": 0.0, "measurement_unit": "unit"}, "pk": 177}, {"model": "recipes.recipeingredient", "fields": {"recipe": 17, "sort_number": 6, "name": "sal", "quantity": 0.0, "measurement_unit": "unit"}, "pk": 178}, {"model": "recipes.recipeingredient", "fields": {"recipe": 18, "sort_number": 1, "name": "pulpo", "quantity": 2.0, "measurement_unit": "kg"}, "pk": 179}, {"model": "recipes.recipeingredient", "fields": {"recipe": 18, "sort_number": 2, "name": "patatas", "quantity": 8.0, "measurement_unit": "unit"}, "pk": 180}, {"model": "recipes.recipeingredient", "fields": {"recipe": 18, "sort_number": 3, "name": "sal gorda", "quantity": 0.0, "measurement_unit": "unit"}, "pk": 181}, {"model": "recipes.recipeingredient", "fields": {"recipe": 18, "sort_number": 4, "name": "piment\u00f3n picante", "quantity": 0.0, "measurement_unit": "unit"}, "pk": 182}, {"model": "recipes.recipeingredient", "fields": {"recipe": 18, "sort_number": 5, "name": "aceite de oliva virgen extra", "quantity": 0.0, "measurement_unit": "unit"}, "pk": 183}, {"model": "recipes.recipeingredient", "fields": {"recipe": 19, "sort_number": 1, "name": "garbanzos", "quantity": 120.0, "measurement_unit": "g"}, "pk": 184}, {"model": "recipes.recipeingredient", "fields": {"recipe": 19, "sort_number": 2, "name": "muslos de pollo", "quantity": 2.0, "measurement_unit": "unit"}, "pk": 185}, {"model": "recipes.recipeingredient", "fields": {"recipe": 19, "sort_number": 3, "name": "ternera", "quantity": 80.0, "measurement_unit": "g"}, "pk": 186}, {"model": "recipes.recipeingredient", "fields": {"recipe": 19, "sort_number": 4, "name": "chorizos", "quantity": 2.0, "measurement_unit": "unit"}, "pk": 187}, {"model": "recipes.recipeingredient", "fields": {"recipe": 19, "sort_number": 5, "name": "pasta", "quantity": 80.0, "measurement_unit": "g"}, "pk": 188}, {"model": "recipes.recipeingredient", "fields": {"recipe": 19, "sort_number": 6, "name": "patatas", "quantity": 2.0, "measurement_unit": "unit"}, "pk": 189}, {"model": "recipes.recipeingredient", "fields": {"recipe": 19, "sort_number": 7, "name": "cebolleta", "quantity": 0.5, "measurement_unit": "unit"}, "pk": 190}, {"model": "recipes.recipeingredient", "fields": {"recipe": 19, "sort_number": 8, "name": "tomate", "quantity": 1.0, "measurement_unit": "unit"}, "pk": 191}, {"model": "recipes.recipeingredient", "fields": {"recipe": 19, "sort_number": 9, "name": "dientes de ajo", "quantity": 2.0, "measurement_unit": "unit"}, "pk": 192}, {"model": "recipes.recipeingredient", "fields": {"recipe": 19, "sort_number": 10, "name": "aceite de oliva", "quantity": 0.0, "measurement_unit": "unit"}, "pk": 193}, {"model": "recipes.recipeingredient", "fields": {"recipe": 19, "sort_number": 11, "name": "sal", "quantity": 0.0, "measurement_unit": "unit"}, "pk": 194}, {"model": "recipes.recipeingredient", "fields": {"recipe": 19, "sort_number": 12, "name": "piment\u00f3n dulce", "quantity": 1.0, "measurement_unit": "tbsp"}, "pk": 195}, {"model": "recipes.recipeingredient", "fields": {"recipe": 19, "sort_number": 13, "name": "or\u00e9gano", "quantity": 1.0, "measurement_unit": "tbsp"}, "pk": 196}, {"model": "recipes.recipeingredient", "fields": {"recipe": 19, "sort_number": 14, "name": "azafr\u00e1n", "quantity": 0.0, "measurement_unit": "unit"}, "pk": 197}, {"model": "recipes.recipeingredient", "fields": {"recipe": 19, "sort_number": 15, "name": "perejil", "quantity": 0.0, "measurement_unit": "unit"}, "pk": 198}, {"model": "recipes.recipeingredient", "fields": {"recipe": 20, "sort_number": 1, "name": "barra de pan", "quantity": 1.0, "measurement_unit": "unit"}, "pk": 199}, {"model": "recipes.recipeingredient", "fields": {"recipe": 20, "sort_number": 2, "name": "leche", "quantity": 500.0, "measurement_unit": "ml"}, "pk": 200}, {"model": "recipes.recipeingredient", "fields": {"recipe": 20, "sort_number": 3, "name": "rama de canela", "quantity": 1.0, "measurement_unit": "unit"}, "pk": 201}, {"model": "recipes.recipeingredient", "fields": {"recipe": 20, "sort_number": 4, "name": "lim\u00f3n", "quantity": 1.0, "measurement_unit": "unit"}, "pk": 202}, {"model": "recipes.recipeingredient", "fields": {"recipe": 20, "sort_number": 5, "name": "vino moscatel", "quantity": 120.0, "measurement_unit": "ml"}, "pk": 203}, {"model": "recipes.recipeingredient", "fields": {"recipe": 20, "sort_number": 6, "name": "az\u00facar", "quantity": 3.0, "measurement_unit": "tsp"}, "pk": 204}, {"model": "recipes.recipeingredient", "fields": {"recipe": 20, "sort_number": 7, "name": "huevos", "quantity": 3.0, "measurement_unit": "unit"}, "pk": 205}, {"model": "recipes.recipeingredient", "fields": {"recipe": 20, "sort_number": 8, "name": "miel", "quantity": 0.5, "measurement_unit": "cup"}, "pk": 206}, {"model": "recipes.recipeingredient", "fields": {"recipe": 20, "sort_number": 9, "name": "agua", "quantity": 0.25, "measurement_unit": "cup"}, "pk": 207}, {"model": "recipes.recipeingredient", "fields": {"recipe": 20, "sort_number": 10, "name": "aceite de girasol", "quantity": 0.0, "measurement_unit": "unit"}, "pk": 208}, {"model": "recipes.recipeingredient", "fields": {"recipe": 20, "sort_number": 11, "name": "az\u00facar glas", "quantity": 0.0, "measurement_unit": "unit"}, "pk": 209}, {"model": "recipes.recipeingredient", "fields": {"recipe": 20, "sort_number": 12, "name": "canela en polvo", "quantity": 0.0, "measurement_unit": "unit"}, "pk": 210}, {"model": "recipes.recipeingredient", "fields": {"recipe": 21, "sort_number": 1, "name": "patatas", "quantity": 2.0, "measurement_unit": "unit"}, "pk": 211}, {"model": "recipes.recipeingredient", "fields": {"recipe": 21, "sort_number": 2, "name": "tomates", "quantity": 2.0, "measurement_unit": "unit"}, "pk": 212}, {"model": "recipes.recipeingredient", "fields": {"recipe": 21, "sort_number": 3, "name": "jud\u00edas verdes", "quantity": 200.0, "measurement_unit": "g"}, "pk": 213}, {"model": "recipes.recipeingredient", "fields": {"recipe": 21, "sort_number": 4, "name": "bonito", "quantity": 60.0, "measurement_unit": "g"}, "pk": 214}, {"model": "recipes.recipeingredient", "fields": {"recipe": 21, "sort_number": 5, "name": "huevos de codorniz", "quantity": 4.0, "measurement_unit": "unit"}, "pk": 215}, {"model": "recipes.recipeingredient", "fields": {"recipe": 21, "sort_number": 6, "name": "sal", "quantity": 0.0, "measurement_unit": "unit"}, "pk": 216}, {"model": "recipes.recipeingredient", "fields": {"recipe": 21, "sort_number": 7, "name": "aceite de oliva", "quantity": 0.0, "measurement_unit": "unit"}, "pk": 217}, {"model": "recipes.recipeingredient", "fields": {"recipe": 21, "sort_number": 8, "name": "vinagre de jerez", "quantity": 0.0, "measurement_unit": "unit"}, "pk": 218}, {"model": "recipes.recipedirection", "fields": {"description": "Limpiar y pelar todas las verduras.", "sort_number": 1, "recipe": 1, "image": "", "time": 0.0, "video": ""}, "pk": 1}, {"model": "recipes.recipedirection", "fields": {"description": "Cortar el puerro a lo largo y luego en juliana gruesa (dejando una forma semicircular). Cortar la cebolla en una brunoise muy finita y las patatas en cubos m\u00e1s grandes. Cortar las zanahorias en rodajas gruesas.", "sort_number": 2, "recipe": 1, "image": "https://c1.staticflickr.com/9/8800/18116348965_6099f82407_o.png", "time": 0.0, "video": ""}, "pk": 2}, {"model": "recipes.recipedirection", "fields": {"description": "Poner en una olla el aceite de oliva a calentar a fuego medio.", "sort_number": 3, "recipe": 1, "image": "", "time": 0.0, "video": ""}, "pk": 3}, {"model": "recipes.recipedirection", "fields": {"description": "Sofre\u00edr la cebolla y el puerro hasta que empiecen a pocharse bien.", "sort_number": 4, "recipe": 1, "image": "https://c2.staticflickr.com/8/7682/18112876572_28f83fa3ef_o.png", "time": 0.0, "video": ""}, "pk": 4}, {"model": "recipes.recipedirection", "fields": {"description": "A\u00f1adir la zanahoria y la patatas y seguir cocinando unos 2 o 3 minutos m\u00e1s.", "sort_number": 5, "recipe": 1, "image": "https://c2.staticflickr.com/8/7712/17930125949_4f6839389b_o.png", "time": 2.0, "video": ""}, "pk": 5}, {"model": "recipes.recipedirection", "fields": {"description": "Salpimentar y echar la albahaca bien picada. Remover un poco y echar el caldo de pollo. Cocinar durante unos 30 o 40 minutos.", "sort_number": 6, "recipe": 1, "image": "https://c2.staticflickr.com/8/7793/18089857396_8aff465b47_o.png", "time": 30.0, "video": ""}, "pk": 6}, {"model": "recipes.recipedirection", "fields": {"description": "Poner una olla con abundante agua (al menos un litro por cada 100 gramos de pasta) con sal a fuego fuerte.", "sort_number": 1, "recipe": 2, "image": "", "time": 0.0, "video": ""}, "pk": 7}, {"model": "recipes.recipedirection", "fields": {"description": "Cuando hierva, a\u00f1adir los macarrones y dejarlos cocinar el tiempo indicado por el fabricante (en torno a 10 minutos).", "sort_number": 2, "recipe": 2, "image": "", "time": 10.0, "video": ""}, "pk": 8}, {"model": "recipes.recipedirection", "fields": {"description": "Utilizar un mortero para moler las patatas fritas (no demasiado o perder\u00e1 el toque crujiente del plato). Reservar.", "sort_number": 3, "recipe": 2, "image": "", "time": 0.0, "video": ""}, "pk": 9}, {"model": "recipes.recipedirection", "fields": {"description": "Rallar el queso mozzarella. Reservar.", "sort_number": 4, "recipe": 2, "image": "", "time": 0.0, "video": ""}, "pk": 10}, {"model": "recipes.recipedirection", "fields": {"description": "En un cazo poner a calentar el aceite de oliva a fuego medio. A\u00f1adir la harina y dejar que se tueste un poco, removiendo bien para que no queden grumos.", "sort_number": 5, "recipe": 2, "image": "", "time": 0.0, "video": ""}, "pk": 11}, {"model": "recipes.recipedirection", "fields": {"description": "A\u00f1adir la leche y seguir removiendo hasta que coja temperatura. Espesar\u00e1 poco a poco hasta que tenga la textura adecuada y empiece a hacer burbujas.", "sort_number": 6, "recipe": 2, "image": "", "time": 0.0, "video": ""}, "pk": 12}, {"model": "recipes.recipedirection", "fields": {"description": "A\u00f1adir el queso gorgonzola troceado, sal, pimienta y nuez moscada y remover hasta que se incorpore todo. Apartar del fuego y reservar.", "sort_number": 7, "recipe": 2, "image": "", "time": 0.0, "video": ""}, "pk": 13}, {"model": "recipes.recipedirection", "fields": {"description": "Precalentar el horno a 180 grados cent\u00edgrados.", "sort_number": 8, "recipe": 2, "image": "", "time": 0.0, "video": ""}, "pk": 14}, {"model": "recipes.recipedirection", "fields": {"description": "Engrasar con un par de cucharadas de aceite de oliva una bandeja apta para horno.", "sort_number": 9, "recipe": 2, "image": "", "time": 0.0, "video": ""}, "pk": 15}, {"model": "recipes.recipedirection", "fields": {"description": "Escurrir los macarrones de toda el agua posible y mezclarlos bien con la bechamel. Colocarlos en la bandeja, procurando que queden bien repartidos.", "sort_number": 10, "recipe": 2, "image": "", "time": 0.0, "video": ""}, "pk": 16}, {"model": "recipes.recipedirection", "fields": {"description": "Repartir por encima las patatas fritas, el queso mozzarella y or\u00e9gano al gusto.", "sort_number": 11, "recipe": 2, "image": "", "time": 0.0, "video": ""}, "pk": 17}, {"model": "recipes.recipedirection", "fields": {"description": "Hornear hasta que el queso se gratine y quede todo dorado (de 2 a 5 minutos aproximadamente).", "sort_number": 12, "recipe": 2, "image": "", "time": 2.0, "video": ""}, "pk": 18}, {"model": "recipes.recipedirection", "fields": {"description": "Cocer los spaghetti en abundante agua hirviendo con sal (al menos 1 litro por cada 100 gramos de pasta).", "sort_number": 1, "recipe": 3, "image": "", "time": 0.0, "video": ""}, "pk": 19}, {"model": "recipes.recipedirection", "fields": {"description": "Cortamos en juliana gorda el bacon.", "sort_number": 2, "recipe": 3, "image": "", "time": 0.0, "video": ""}, "pk": 20}, {"model": "recipes.recipedirection", "fields": {"description": "Poner a fuego fuerte una sart\u00e9n con una cucharada de aceite de oliva virgen extra. Dorar el bacon a fuego fuerte hasta que se vuelva completamente crujiente.", "sort_number": 3, "recipe": 3, "image": "", "time": 0.0, "video": ""}, "pk": 21}, {"model": "recipes.recipedirection", "fields": {"description": "En un recipiente (a poder ser de un material que no mantenga mucho el calor, como porcelana) mezclar las yemas con el queso rallado, sal y pimienta. Batir en\u00e9rgicamente y reservar.", "sort_number": 4, "recipe": 3, "image": "", "time": 0.0, "video": ""}, "pk": 22}, {"model": "recipes.recipedirection", "fields": {"description": "Escurrir pasta y la pasamos a la sart\u00e9n donde est\u00e1 el bacon. Saltear la pasta con el bacon y con un poco de agua de la cocci\u00f3n.", "sort_number": 5, "recipe": 3, "image": "", "time": 0.0, "video": ""}, "pk": 23}, {"model": "recipes.recipedirection", "fields": {"description": "Una vez haya desaparecido el l\u00edquido, pasar la pasta al bol donde est\u00e1 la mezcla de huevo y removerlo inmediatamente de forma en\u00e9rgica.", "sort_number": 6, "recipe": 3, "image": "", "time": 0.0, "video": ""}, "pk": 24}, {"model": "recipes.recipedirection", "fields": {"description": "Poner los garbanzos a remojo durante al menos 12 horas.", "sort_number": 1, "recipe": 4, "image": "", "time": 0.0, "video": ""}, "pk": 25}, {"model": "recipes.recipedirection", "fields": {"description": "Escurrir los garbanzos y cocerlos en abundante agua con sal. Usando una olla a presi\u00f3n, se tarda alrededor de 20 minutos; con una olla normal, ser\u00e1n unas 2 horas (puede que menos).", "sort_number": 2, "recipe": 4, "image": "https://c1.staticflickr.com/9/8889/17965678779_dd92593fcd_o.png", "time": 20.0, "video": ""}, "pk": 26}, {"model": "recipes.recipedirection", "fields": {"description": "Precalentar el horno a 180 grados cent\u00edgrados.", "sort_number": 3, "recipe": 4, "image": "", "time": 0.0, "video": ""}, "pk": 27}, {"model": "recipes.recipedirection", "fields": {"description": "Mezclar los garbanzos con el aceite, las hierbas y salpimentar. Esparcirlos por una bandeja apta para horno. Tostar durante unos 15 minutos, hasta que queden crujientes y dorados.", "sort_number": 4, "recipe": 4, "image": "https://c1.staticflickr.com/9/8793/17529314384_d7e7dc4025_o.png", "time": 15.0, "video": ""}, "pk": 28}, {"model": "recipes.recipedirection", "fields": {"description": "Trocear los tomates secos.", "sort_number": 5, "recipe": 4, "image": "", "time": 0.0, "video": ""}, "pk": 29}, {"model": "recipes.recipedirection", "fields": {"description": "Sacarlos del horno y a\u00f1adirles el tomate, los tomates secos, la albahaca, la mozzarella y los pi\u00f1ones. Mezclar bien y volver a meterlos al horno otro 5 minutos, hasta que el queso se haya derretido.", "sort_number": 6, "recipe": 4, "image": "https://c1.staticflickr.com/9/8845/17964206360_216e0c7f45_o.png", "time": 5.0, "video": ""}, "pk": 30}, {"model": "recipes.recipedirection", "fields": {"description": "Lavar las almejas. Limpiar y pelar bien las gambas. Cortar en tiras de alrededor de 1 cent\u00edmetro los calamares. Limpiar y trocear la cola de rape.", "sort_number": 1, "recipe": 5, "image": "", "time": 0.0, "video": ""}, "pk": 31}, {"model": "recipes.recipedirection", "fields": {"description": "Cocer las chirlas con un poco de agua un par de minutos, hasta que se abran. Sacarlas de la concha y reservar.", "sort_number": 2, "recipe": 5, "image": "", "time": 2.0, "video": ""}, "pk": 32}, {"model": "recipes.recipedirection", "fields": {"description": "Trocear la cebolla muy finita y laminar los ajos.", "sort_number": 3, "recipe": 5, "image": "", "time": 0.0, "video": ""}, "pk": 33}, {"model": "recipes.recipedirection", "fields": {"description": "Echar en una cazuela apta para horno unas 4 cucharadas de aceite de oliva y poner a calentar a fuego medio alto.", "sort_number": 4, "recipe": 5, "image": "", "time": 0.0, "video": ""}, "pk": 34}, {"model": "recipes.recipedirection", "fields": {"description": "Echar el ajo en la sart\u00e9n para que infusione el aceite. Con un minuto ser\u00e1 suficiente.", "sort_number": 5, "recipe": 5, "image": "", "time": 1.0, "video": ""}, "pk": 35}, {"model": "recipes.recipedirection", "fields": {"description": "Poner a pochar la cebolla junto con el ajo.", "sort_number": 6, "recipe": 5, "image": "", "time": 0.0, "video": ""}, "pk": 36}, {"model": "recipes.recipedirection", "fields": {"description": "Cuando la cebolla est\u00e9 pochada, a\u00f1adir el tomate, la sal y una pizca peque\u00f1a de az\u00facar. Cocinar durante unos 10 minutos.", "sort_number": 7, "recipe": 5, "image": "", "time": 10.0, "video": ""}, "pk": 37}, {"model": "recipes.recipedirection", "fields": {"description": "A\u00f1adir los calamares y dejar que se evapore el agua que sueltan. A\u00f1adir las gambas y el rape y dejarlos un par de minutos m\u00e1s.", "sort_number": 8, "recipe": 5, "image": "", "time": 2.0, "video": ""}, "pk": 38}, {"model": "recipes.recipedirection", "fields": {"description": "Precalentar el horno a 200 grados cent\u00edgrados.", "sort_number": 9, "recipe": 5, "image": "", "time": 0.0, "video": ""}, "pk": 39}, {"model": "recipes.recipedirection", "fields": {"description": "Entonces a\u00f1adir los fideos y dejar otro par de minutos mientras se sigue removiendo.", "sort_number": 10, "recipe": 5, "image": "", "time": 2.0, "video": ""}, "pk": 40}, {"model": "recipes.recipedirection", "fields": {"description": "A\u00f1adir el caldo de fumet y dejar cocer a fuego fuerte durante 5 minutos.", "sort_number": 11, "recipe": 5, "image": "", "time": 5.0, "video": ""}, "pk": 41}, {"model": "recipes.recipedirection", "fields": {"description": "Meter la cazuela en el horno y dejarla otros 5 minutos.", "sort_number": 12, "recipe": 5, "image": "", "time": 5.0, "video": ""}, "pk": 42}, {"model": "recipes.recipedirection", "fields": {"description": "Dejar reposar antes de servir.", "sort_number": 13, "recipe": 5, "image": "", "time": 0.0, "video": ""}, "pk": 43}, {"model": "recipes.recipedirection", "fields": {"description": "Limpiar las alcachofas. Primero cortar el tallo y luego las hojas exteriores. Luego ir recortando m\u00e1s duras que quedan fuera. Recortar los pelitos que quedan dentro del propio coraz\u00f3n de la alcachofa. Echar los corazones en agua con perejil o con zumo de lim\u00f3n.", "sort_number": 1, "recipe": 6, "image": "", "time": 0.0, "video": ""}, "pk": 44}, {"model": "recipes.recipedirection", "fields": {"description": "Cocer los corazones en ese mismo agua durante 15 minutos despu\u00e9s de que rompan a hervir.", "sort_number": 2, "recipe": 6, "image": "", "time": 15.0, "video": ""}, "pk": 45}, {"model": "recipes.recipedirection", "fields": {"description": "Rallar los quesos.", "sort_number": 3, "recipe": 6, "image": "", "time": 0.0, "video": ""}, "pk": 46}, {"model": "recipes.recipedirection", "fields": {"description": "Pelar y cortar la cebolla muy finita.", "sort_number": 4, "recipe": 6, "image": "", "time": 0.0, "video": ""}, "pk": 47}, {"model": "recipes.recipedirection", "fields": {"description": "Cocer los macarrones en ese agua durante el tiempo indicado en las instrucciones.", "sort_number": 5, "recipe": 6, "image": "", "time": 0.0, "video": ""}, "pk": 48}, {"model": "recipes.recipedirection", "fields": {"description": "Poner una sart\u00e9n a fuego medio-alto con el aceite de oliva.", "sort_number": 6, "recipe": 6, "image": "", "time": 0.0, "video": ""}, "pk": 49}, {"model": "recipes.recipedirection", "fields": {"description": "Echar el ajo en la sart\u00e9n y dejar infusionar el aceite durante un minuto.", "sort_number": 7, "recipe": 6, "image": "", "time": 1.0, "video": ""}, "pk": 50}, {"model": "recipes.recipedirection", "fields": {"description": "A\u00f1adir la cebolla y una pizca de sal y pimienta y cocinar hasta que est\u00e9 pochada (durante unos 4 minutos).", "sort_number": 8, "recipe": 6, "image": "", "time": 4.0, "video": ""}, "pk": 51}, {"model": "recipes.recipedirection", "fields": {"description": "A\u00f1adir la leche y cocinar mientras se remueve hasta espese (durante un par de minutos).", "sort_number": 9, "recipe": 6, "image": "", "time": 2.0, "video": ""}, "pk": 52}, {"model": "recipes.recipedirection", "fields": {"description": "A\u00f1adir los corazones de alcachofa cortados en 4 y las hojas de espinacas picadas. Cocinar durante 2 minutos.", "sort_number": 10, "recipe": 6, "image": "", "time": 2.0, "video": ""}, "pk": 53}, {"model": "recipes.recipedirection", "fields": {"description": "Escurrir los macarrones y mantecarlos en la sart\u00e9n con la salsa durante un minuto.", "sort_number": 11, "recipe": 6, "image": "", "time": 1.0, "video": ""}, "pk": 54}, {"model": "recipes.recipedirection", "fields": {"description": "Dejar los garbanzos en remojo durante unas 12 horas", "sort_number": 1, "recipe": 7, "image": "", "time": 0.0, "video": ""}, "pk": 55}, {"model": "recipes.recipedirection", "fields": {"description": "Escurrir y enjuagar los garbanzos.", "sort_number": 2, "recipe": 7, "image": "", "time": 0.0, "video": ""}, "pk": 56}, {"model": "recipes.recipedirection", "fields": {"description": "Lavar y pelar las verduras y cortarlas en 2 o 3 trozos para que quepa bien en la olla. Tambi\u00e9n es posible trocearlas m\u00e1s peque\u00f1itas (trozos de 1 o 2 cent\u00edmetros). Al apio hay que quitarle las hebras duras del exterior (utilizando un pelador de patata es muy f\u00e1cil).", "sort_number": 3, "recipe": 7, "image": "", "time": 0.0, "video": ""}, "pk": 57}, {"model": "recipes.recipedirection", "fields": {"description": "Meter todos los ingredientes en una olla grande y llenarla con agua. Poner a fuego medio-alto.", "sort_number": 4, "recipe": 7, "image": "", "time": 0.0, "video": ""}, "pk": 58}, {"model": "recipes.recipedirection", "fields": {"description": "Ir sacando con un cazo o una espumadera la espuma que salga (a este proceso se le llama desespumar).", "sort_number": 5, "recipe": 7, "image": "", "time": 0.0, "video": ""}, "pk": 59}, {"model": "recipes.recipedirection", "fields": {"description": "Si se usa una olla a presi\u00f3n, cerrarla y dejar cocinar durante unos 20 o 30 minutos a partir de que suba la v\u00e1lvula). Si se usa una olla normal, dejar cocinar hasta que las verduras est\u00e9n cocidas y sacarlas. Seguir cocinando hasta que las carnes y los garbanzos est\u00e9n cocidos y sacarlos tambi\u00e9n. Colar el caldo.", "sort_number": 6, "recipe": 7, "image": "", "time": 20.0, "video": ""}, "pk": 60}, {"model": "recipes.recipedirection", "fields": {"description": "Cocer la pasta en abundante agua con sal y ore\u0301gano durante el tiempo indicado en las instrucciones.", "sort_number": 1, "recipe": 8, "image": "", "time": 0.0, "video": ""}, "pk": 61}, {"model": "recipes.recipedirection", "fields": {"description": "Mientras tanto, poner en un cazo el queso cortado en taquitos junto con el chorrito de brandy. Dejar a fuego medio durante un par de minutos para que se derrita el queso mientras se evapora el alcohol del brandy.", "sort_number": 2, "recipe": 8, "image": "", "time": 2.0, "video": ""}, "pk": 62}, {"model": "recipes.recipedirection", "fields": {"description": "A\u00f1adir la nata y pimienta al gusto. Dejar cocinar mientras se remueve durante otros 5 minutos.", "sort_number": 3, "recipe": 8, "image": "", "time": 5.0, "video": ""}, "pk": 63}, {"model": "recipes.recipedirection", "fields": {"description": "Escurrir los tagliatelle y mezclarlos bien con la salsa.", "sort_number": 4, "recipe": 8, "image": "", "time": 0.0, "video": ""}, "pk": 64}, {"model": "recipes.recipedirection", "fields": {"description": "Cortar tiras de salm\u00f3n de un cent\u00edmetro de ancho.", "sort_number": 5, "recipe": 8, "image": "", "time": 0.0, "video": ""}, "pk": 65}, {"model": "recipes.recipedirection", "fields": {"description": "Colocar los tagliatelle en forma de nido en cada plato a servir, con varias tiras de salm\u00f3n por encima y las huevas de lumpo en el centro.", "sort_number": 6, "recipe": 8, "image": "", "time": 0.0, "video": ""}, "pk": 66}, {"model": "recipes.recipedirection", "fields": {"description": "Limpiar y pelar los champi\u00f1ones y laminarlos en tiras de medio cent\u00edmetro", "sort_number": 1, "recipe": 9, "image": "", "time": 0.0, "video": ""}, "pk": 67}, {"model": "recipes.recipedirection", "fields": {"description": "Pelar y cortar la cebolla muy finamente.", "sort_number": 2, "recipe": 9, "image": "", "time": 0.0, "video": ""}, "pk": 68}, {"model": "recipes.recipedirection", "fields": {"description": "Rallar el queso parmesano.", "sort_number": 3, "recipe": 9, "image": "", "time": 0.0, "video": ""}, "pk": 69}, {"model": "recipes.recipedirection", "fields": {"description": "Poner el caldo en un cazo a calentar. Rectificar de sal si es necesario.", "sort_number": 4, "recipe": 9, "image": "", "time": 0.0, "video": ""}, "pk": 70}, {"model": "recipes.recipedirection", "fields": {"description": "Poner aceite de oliva en una sart\u00e9n a fuego medio bajo. Echar la cebolla y dejar que se pochen un par de minutos.", "sort_number": 5, "recipe": 9, "image": "", "time": 2.0, "video": ""}, "pk": 71}, {"model": "recipes.recipedirection", "fields": {"description": "A\u00f1adir los champi\u00f1ones, una pizca de sal y pimienta negra al gusto. Dejar cocinar hasta que pierdan todo el agua y est\u00e9n bien hechos.", "sort_number": 6, "recipe": 9, "image": "", "time": 0.0, "video": ""}, "pk": 72}, {"model": "recipes.recipedirection", "fields": {"description": "Echar el arroz y remover durante un par de minutos. Luego a\u00f1adir el vino blanco y dejar cocinar hasta que se evapore el alcohol.", "sort_number": 7, "recipe": 9, "image": "", "time": 2.0, "video": ""}, "pk": 73}, {"model": "recipes.recipedirection", "fields": {"description": "A\u00f1adir varios cazos de caldo al arroz y dejar cocinar hasta que se evapore casi todo, removiendo constantemente. A\u00f1adir m\u00e1s caldo y dejarlo cocer cada vez que se quede sin l\u00edquido. Repetir el mismo proceso durante unos 20 minutos.", "sort_number": 8, "recipe": 9, "image": "", "time": 20.0, "video": ""}, "pk": 74}, {"model": "recipes.recipedirection", "fields": {"description": "Apartar el arroz del fuego y a\u00f1adir la mantequilla y el queso parmesano. Remover hasta que se integren bien con el arroz.", "sort_number": 9, "recipe": 9, "image": "", "time": 0.0, "video": ""}, "pk": 75}, {"model": "recipes.recipedirection", "fields": {"description": "Cocer los spaghetti seg\u00fan las instrucciones del fabricante en abundante agua con sal (al menos 1 litro de agua por cada 100 gramos de pasta).", "sort_number": 1, "recipe": 10, "image": "", "time": 0.0, "video": ""}, "pk": 76}, {"model": "recipes.recipedirection", "fields": {"description": "Pelar y picar el diente de ajo muy finamente.", "sort_number": 2, "recipe": 10, "image": "", "time": 0.0, "video": ""}, "pk": 77}, {"model": "recipes.recipedirection", "fields": {"description": "Cortar en juliana muy fina las hojas de albahaca.", "sort_number": 3, "recipe": 10, "image": "", "time": 0.0, "video": ""}, "pk": 78}, {"model": "recipes.recipedirection", "fields": {"description": "Rallar los quesos.", "sort_number": 4, "recipe": 10, "image": "", "time": 0.0, "video": ""}, "pk": 79}, {"model": "recipes.recipedirection", "fields": {"description": "Echar en un mortero el diente de ajo picado, la albahaca y los pi\u00f1ones y machacarlos muy bien.", "sort_number": 5, "recipe": 10, "image": "", "time": 0.0, "video": ""}, "pk": 80}, {"model": "recipes.recipedirection", "fields": {"description": "Ir a\u00f1adiendo poco a poco el aceite de oliva, mientras se sigue removiendo con el mazo de mortero.", "sort_number": 6, "recipe": 10, "image": "", "time": 0.0, "video": ""}, "pk": 81}, {"model": "recipes.recipedirection", "fields": {"description": "A\u00f1adir los quesos e integrarlos bien con el resto de ingredientes.", "sort_number": 7, "recipe": 10, "image": "", "time": 0.0, "video": ""}, "pk": 82}, {"model": "recipes.recipedirection", "fields": {"description": "Escurrir bien la pasta y mezclarla con la salsa.", "sort_number": 8, "recipe": 10, "image": "", "time": 0.0, "video": ""}, "pk": 83}, {"model": "recipes.recipedirection", "fields": {"description": "Limpiar y trocear en tiras el cerdo y salpimentarlas.", "sort_number": 1, "recipe": 11, "image": "", "time": 0.0, "video": ""}, "pk": 84}, {"model": "recipes.recipedirection", "fields": {"description": "En un recipiente mezclar la miel y la mostaza e introducimos el cerdo. Lo dejamos macerar en la nevera durante un par de horas.", "sort_number": 2, "recipe": 11, "image": "", "time": 0.0, "video": ""}, "pk": 85}, {"model": "recipes.recipedirection", "fields": {"description": "Limpiar las patatas y cortarlas en gajos: primero en cuatro trozos iguales y estos, a su vez, en 2 o 3 gajos (dependiendo de lo grandes que sean las patatas).", "sort_number": 3, "recipe": 11, "image": "", "time": 0.0, "video": ""}, "pk": 86}, {"model": "recipes.recipedirection", "fields": {"description": "Pasar las patatas a un recipiente amplio y ba\u00f1arlas con unas gotas de aceite de oliva, procurando que todas queden impregnadas.", "sort_number": 4, "recipe": 11, "image": "", "time": 0.0, "video": ""}, "pk": 87}, {"model": "recipes.recipedirection", "fields": {"description": "Echar sobre las patatas sal, pimienta, piment\u00f3n dulce y picante, comino, or\u00e9gano, ajo molido y garam masala. Remover bien con las manos para que todas las patatas se impregnen bien de las especias.", "sort_number": 5, "recipe": 11, "image": "", "time": 0.0, "video": ""}, "pk": 88}, {"model": "recipes.recipedirection", "fields": {"description": "Fre\u00edr las patatas a fuego fuerte (a unos 180 grados cent\u00edgrados) hasta que est\u00e9n bien doradas. Sacarlas a un plato con papel absorbente para eliminar el exceso de aceite y reservar.", "sort_number": 6, "recipe": 11, "image": "", "time": 0.0, "video": ""}, "pk": 89}, {"model": "recipes.recipedirection", "fields": {"description": "Sacar el cerdo caramelizado de la nevera y, en una sart\u00e9n con una cucharada de aceite, cocinar las tiras de cerdo escurridas a fuego medio hasta que se caramelicen y se doren un poco.", "sort_number": 7, "recipe": 11, "image": "", "time": 0.0, "video": ""}, "pk": 90}, {"model": "recipes.recipedirection", "fields": {"description": "Introducir la mezcla de macerado sobrante en una cazuela y calentarla a fuego medio un minuto.", "sort_number": 8, "recipe": 11, "image": "", "time": 0.0, "video": ""}, "pk": 91}, {"model": "recipes.recipedirection", "fields": {"description": "A\u00f1adir la nata y dejar que se reduzca bien hasta obtener una salsa algo espesa.", "sort_number": 9, "recipe": 11, "image": "", "time": 0.0, "video": ""}, "pk": 92}, {"model": "recipes.recipedirection", "fields": {"description": "Pelar y picar la cebolla muy finamente.", "sort_number": 1, "recipe": 12, "image": "", "time": 0.0, "video": ""}, "pk": 93}, {"model": "recipes.recipedirection", "fields": {"description": "Echar un par de cucharadas de aceite de oliva en una sart\u00e9n calentada a fuego medio.", "sort_number": 2, "recipe": 12, "image": "", "time": 0.0, "video": ""}, "pk": 94}, {"model": "recipes.recipedirection", "fields": {"description": "A\u00f1adir la cebolla y dejar que se poche.", "sort_number": 3, "recipe": 12, "image": "https://c1.staticflickr.com/9/8872/17886553780_9cc216af03_o.png", "time": 0.0, "video": ""}, "pk": 95}, {"model": "recipes.recipedirection", "fields": {"description": "Salpimentar la carne picada y echarla a la sart\u00e9n. Dejar que se cocine.", "sort_number": 4, "recipe": 12, "image": "", "time": 0.0, "video": ""}, "pk": 96}, {"model": "recipes.recipedirection", "fields": {"description": "Echar tomate frito y remover hasta que se incorpore.", "sort_number": 5, "recipe": 12, "image": "https://c2.staticflickr.com/6/5441/17888019709_fca0eed792_o.png", "time": 0.0, "video": ""}, "pk": 97}, {"model": "recipes.recipedirection", "fields": {"description": "Desplazar la carne hacia un lado de la sart\u00e9n y, en el hueco que quede libre, echar la harina y dejar que se tueste. A\u00f1adir la leche y formar la bechamel. Entonces mezclar con el resto de la carne que estaba separada.", "sort_number": 6, "recipe": 12, "image": "https://c2.staticflickr.com/8/7763/17888019379_882e98d904_o.png", "time": 0.0, "video": ""}, "pk": 98}, {"model": "recipes.recipedirection", "fields": {"description": "Apartar la sart\u00e9n del fuego y reservar mientras se enfr\u00eda el relleno.", "sort_number": 7, "recipe": 12, "image": "https://c1.staticflickr.com/9/8783/17453725383_8774d6b337_o.png", "time": 0.0, "video": ""}, "pk": 99}, {"model": "recipes.recipedirection", "fields": {"description": "Precalentar el horno a 180 grados cent\u00edgrados.", "sort_number": 8, "recipe": 12, "image": "", "time": 0.0, "video": ""}, "pk": 100}, {"model": "recipes.recipedirection", "fields": {"description": "Engrasar los moldes a utilizar con un poco de aceite de oliva. Colocar en ellos el hojaldre y pincharlo por toda la superficie con un tenedor peque\u00f1o.", "sort_number": 9, "recipe": 12, "image": "https://c1.staticflickr.com/9/8775/17886347208_817469ed91_o.png", "time": 0.0, "video": ""}, "pk": 101}, {"model": "recipes.recipedirection", "fields": {"description": "Repartir el relleno entre todos los moldes y taparlos con otra l\u00e1mina de hojaldre. Decorar con el hojaldre sobrante.", "sort_number": 10, "recipe": 12, "image": "", "time": 0.0, "video": ""}, "pk": 102}, {"model": "recipes.recipedirection", "fields": {"description": "Pincelar la parte superior del hojaldre con una yema de huevo rebajada con una gota de agua.", "sort_number": 11, "recipe": 12, "image": "https://c1.staticflickr.com/9/8859/18047776456_d363b433b1_o.png", "time": 0.0, "video": ""}, "pk": 103}, {"model": "recipes.recipedirection", "fields": {"description": "Introducir las empanadillas en el horno y dejar cocinar hasta que est\u00e9n bien doradas (unos 20 o 30 minutos).", "sort_number": 12, "recipe": 12, "image": "", "time": 20.0, "video": ""}, "pk": 104}, {"model": "recipes.recipedirection", "fields": {"description": "Sacarlas del horno y desmoldarlas.", "sort_number": 13, "recipe": 12, "image": "", "time": 0.0, "video": ""}, "pk": 105}, {"model": "recipes.recipedirection", "fields": {"description": "Limpiar y trocear en tiras el cerdo y salpimentarlas.", "sort_number": 1, "recipe": 13, "image": "", "time": 0.0, "video": ""}, "pk": 106}, {"model": "recipes.recipedirection", "fields": {"description": "En un recipiente mezclar la miel y la mostaza e introducimos el cerdo. Lo dejamos macerar en la nevera durante un par de horas.", "sort_number": 2, "recipe": 13, "image": "", "time": 0.0, "video": ""}, "pk": 107}, {"model": "recipes.recipedirection", "fields": {"description": "Limpiar las patatas y cortarlas en gajos: primero en cuatro trozos iguales y estos, a su vez, en 2 o 3 gajos (dependiendo de lo grandes que sean las patatas).", "sort_number": 3, "recipe": 13, "image": "", "time": 0.0, "video": ""}, "pk": 108}, {"model": "recipes.recipedirection", "fields": {"description": "Pasar las patatas a un recipiente amplio y ba\u00f1arlas con unas gotas de aceite de oliva, procurando que todas queden impregnadas.", "sort_number": 4, "recipe": 13, "image": "", "time": 0.0, "video": ""}, "pk": 109}, {"model": "recipes.recipedirection", "fields": {"description": "Echar sobre las patatas sal, pimienta, piment\u00f3n dulce y picante, comino, or\u00e9gano, ajo molido y garam masala. Remover bien con las manos para que todas las patatas se impregnen bien de las especias.", "sort_number": 5, "recipe": 13, "image": "", "time": 0.0, "video": ""}, "pk": 110}, {"model": "recipes.recipedirection", "fields": {"description": "Fre\u00edr las patatas a fuego fuerte (a unos 180 grados cent\u00edgrados) hasta que est\u00e9n bien doradas. Sacarlas a un plato con papel absorbente para eliminar el exceso de aceite y reservar.", "sort_number": 6, "recipe": 13, "image": "", "time": 0.0, "video": ""}, "pk": 111}, {"model": "recipes.recipedirection", "fields": {"description": "Sacar el cerdo caramelizado de la nevera y, en una sart\u00e9n con una cucharada de aceite, cocinar las tiras de cerdo escurridas a fuego medio hasta que se caramelicen y se doren un poco.", "sort_number": 7, "recipe": 13, "image": "", "time": 0.0, "video": ""}, "pk": 112}, {"model": "recipes.recipedirection", "fields": {"description": "Introducir la mezcla de macerado sobrante en una cazuela y calentarla a fuego medio un minuto.", "sort_number": 8, "recipe": 13, "image": "", "time": 0.0, "video": ""}, "pk": 113}, {"model": "recipes.recipedirection", "fields": {"description": "A\u00f1adir la nata y dejar que se reduzca bien hasta obtener una salsa algo espesa.", "sort_number": 9, "recipe": 13, "image": "", "time": 0.0, "video": ""}, "pk": 114}, {"model": "recipes.recipedirection", "fields": {"description": "Limpiar, pelar y rallar el pepino.", "sort_number": 1, "recipe": 14, "image": "", "time": 0.0, "video": ""}, "pk": 115}, {"model": "recipes.recipedirection", "fields": {"description": "Mezclarlo con el yogur, una cucharada de eneldo, una cucharadita de ajo en polvo, sal y pimienta. Reservar en la nevera.", "sort_number": 2, "recipe": 14, "image": "", "time": 0.0, "video": ""}, "pk": 116}, {"model": "recipes.recipedirection", "fields": {"description": "Limpiar el pollo y cortarlo en pedazos pequen\u0303os de unos 2 centi\u0301metros aproximadamente.", "sort_number": 3, "recipe": 14, "image": "", "time": 0.0, "video": ""}, "pk": 117}, {"model": "recipes.recipedirection", "fields": {"description": "En un recipiente, poner el aceite junto con una cucharadita de cada una de estas especias: pimienta, jengibre, ajo, piment\u00f3n, semillas de s\u00e9samo, comino, canela, guindilla, cilantro, tomillo y c\u00farcuma. Tambi\u00e9n se pueden sustituir por 3 cucharadas de garam masala y una cucharadita de semillas de s\u00e9samo.", "sort_number": 4, "recipe": 14, "image": "", "time": 0.0, "video": ""}, "pk": 118}, {"model": "recipes.recipedirection", "fields": {"description": "A\u00f1adir el pollo troceado y salpimentado al recipiente. Remover bien para que todos los trozos de pollo queden impregnados con la mezcla.", "sort_number": 5, "recipe": 14, "image": "", "time": 0.0, "video": ""}, "pk": 119}, {"model": "recipes.recipedirection", "fields": {"description": "Tapar el recipiente con film transparente y reservar en la nevera durante al menos 2 horas.", "sort_number": 6, "recipe": 14, "image": "", "time": 120.0, "video": ""}, "pk": 120}, {"model": "recipes.recipedirection", "fields": {"description": "Precalentar el horno a 180 grados cent\u00edgrados.", "sort_number": 7, "recipe": 14, "image": "https://c1.staticflickr.com/9/8766/18224915680_83699038ac_o.png", "time": 0.0, "video": ""}, "pk": 121}, {"model": "recipes.recipedirection", "fields": {"description": "Sacar el pollo de la nevera y repartirlo por una bandeja de horno bien extendido. Hornear durante unos 15 minutos, sin dejar que se tueste demasiado (debe quedar jugoso por dentro).", "sort_number": 8, "recipe": 14, "image": "", "time": 15.0, "video": ""}, "pk": 122}, {"model": "recipes.recipedirection", "fields": {"description": "Limpiar y trocear la lechuga y el tomate como para hacer una ensalada. Ali\u00f1arlos con aceite de oliva, vinagre y una pizca de sal.", "sort_number": 9, "recipe": 14, "image": "", "time": 0.0, "video": ""}, "pk": 123}, {"model": "recipes.recipedirection", "fields": {"description": "Trocear el queso feta en taquitos peque\u00f1os o desmenuzarlo a mano.", "sort_number": 10, "recipe": 14, "image": "", "time": 0.0, "video": ""}, "pk": 124}, {"model": "recipes.recipedirection", "fields": {"description": "Tostar el pan de pita durante un par de minutos. Partirlo por la mitad y abrirlo.", "sort_number": 11, "recipe": 14, "image": "", "time": 2.0, "video": ""}, "pk": 125}, {"model": "recipes.recipedirection", "fields": {"description": "Introducir una cucharada de salsa de yogur en el fondo, la mezcla de lechuga y tomate, el queso feta y el souvlaki de pollo. Completar con otra cucharada de salsa de yogur por encima.", "sort_number": 12, "recipe": 14, "image": "", "time": 0.0, "video": ""}, "pk": 126}, {"model": "recipes.recipedirection", "fields": {"description": "Cascar los huevos en un recipiente y agregar la leche. Batir hasta que se mezclen. Pasar por un colador fino para eliminar la chalaza.", "sort_number": 1, "recipe": 15, "image": "", "time": 0.0, "video": ""}, "pk": 127}, {"model": "recipes.recipedirection", "fields": {"description": "Picar muy finamente la cebolleta y los pimientos.", "sort_number": 2, "recipe": 15, "image": "https://c2.staticflickr.com/8/7779/17791968093_cf6831b655_o.png", "time": 0.0, "video": ""}, "pk": 128}, {"model": "recipes.recipedirection", "fields": {"description": "A\u00f1adir las verduras al recipiente con los huevos batidos, salpimentar y remover hasta que se integren.", "sort_number": 3, "recipe": 15, "image": "", "time": 0.0, "video": ""}, "pk": 129}, {"model": "recipes.recipedirection", "fields": {"description": "A\u00f1adir la cebolla, la cebolla, la cebolleta y la pimienta y remover hasta que se mezclen.", "sort_number": 4, "recipe": 15, "image": "", "time": 0.0, "video": ""}, "pk": 130}, {"model": "recipes.recipedirection", "fields": {"description": "Engrasar ligeramente una sart\u00e9n con aceite vegetal y calentar la sart\u00e9n. Verter la mitad de la mezcla de huevo y cocinar a fuego lento hasta que est\u00e9 a medio hacer.", "sort_number": 5, "recipe": 15, "image": "https://c1.staticflickr.com/1/503/18408483792_0473c5b685_o.png", "time": 0.0, "video": ""}, "pk": 131}, {"model": "recipes.recipedirection", "fields": {"description": "Enrollar la tortilla hasta la mitad. Si no hay suficiente aceite, engrasar ligeramente la sart\u00e9n cada vez que se enrolle. A\u00f1adir la mitad de la mezcla de huevo restante a un lado de la tortilla. Cocinar hasta que a medio hacer.", "sort_number": 6, "recipe": 15, "image": "https://c2.staticflickr.com/8/7789/18414297831_0d84a7c5a4_o.png", "time": 0.0, "video": ""}, "pk": 132}, {"model": "recipes.recipedirection", "fields": {"description": "Enrollar de nuevo hasta la mitad y mover el rollo de huevo hasta el centro de la sart\u00e9n. Agregue la mezcla de huevo restante y cocinar hasta que est\u00e9 hecho.", "sort_number": 7, "recipe": 15, "image": "https://c1.staticflickr.com/9/8766/18224915680_83699038ac_o.png", "time": 0.0, "video": ""}, "pk": 133}, {"model": "recipes.recipedirection", "fields": {"description": "Terminar de enrollar el resto de la tortilla.", "sort_number": 8, "recipe": 15, "image": "", "time": 0.0, "video": ""}, "pk": 134}, {"model": "recipes.recipedirection", "fields": {"description": "Pelar y trocear la cebolla en brunoise muy finita.", "sort_number": 1, "recipe": 16, "image": "", "time": 0.0, "video": ""}, "pk": 135}, {"model": "recipes.recipedirection", "fields": {"description": "Limpiar y pelar los champi\u00f1ones y laminarlos en tiras de menos de medio cent\u00edmetro.", "sort_number": 2, "recipe": 16, "image": "", "time": 0.0, "video": ""}, "pk": 136}, {"model": "recipes.recipedirection", "fields": {"description": "Rallar la mitad del queso.", "sort_number": 3, "recipe": 16, "image": "", "time": 0.0, "video": ""}, "pk": 137}, {"model": "recipes.recipedirection", "fields": {"description": "Poner una sart\u00e9n a fuego medio-alto con el aceite de oliva. Cuando est\u00e9 caliente, a\u00f1adir la cebolla y sofre\u00edr durante un par de minutos.", "sort_number": 4, "recipe": 16, "image": "", "time": 0.0, "video": ""}, "pk": 138}, {"model": "recipes.recipedirection", "fields": {"description": "A\u00f1adir los champi\u00f1ones laminados y la sal y cocinar hasta que suelten el agua (unos 5 minutos aproximadamente).", "sort_number": 5, "recipe": 16, "image": "", "time": 5.0, "video": ""}, "pk": 139}, {"model": "recipes.recipedirection", "fields": {"description": "Echar la harina y dejar que se tueste durante un par de minutos.", "sort_number": 6, "recipe": 16, "image": "", "time": 2.0, "video": ""}, "pk": 140}, {"model": "recipes.recipedirection", "fields": {"description": "Incorporar la leche y el queso y mezclar bien todo hasta que se forme una crema. Apartar del fuego.", "sort_number": 7, "recipe": 16, "image": "", "time": 10.0, "video": ""}, "pk": 141}, {"model": "recipes.recipedirection", "fields": {"description": "A\u00f1adir el bonito desmig\u00e1ndolo con las manos. Repartirlo e integrarlo bien en la mezcla.", "sort_number": 8, "recipe": 16, "image": "", "time": 0.0, "video": ""}, "pk": 142}, {"model": "recipes.recipedirection", "fields": {"description": "Lavar bien y pelar el calabac\u00edn. Cortar tiras muy finas del calabac\u00edn (con un pelador es much\u00edsimo m\u00e1s f\u00e1cil).", "sort_number": 9, "recipe": 16, "image": "", "time": 0.0, "video": ""}, "pk": 143}, {"model": "recipes.recipedirection", "fields": {"description": "En un recipiente cascar los huevos y batirlos hasta conseguir que espumen y cojan cuerpo durante unos 5 minutos (con un robot de cocina o unas varillas el\u00e9ctricas, este proceso se puede hacer much\u00edsimo m\u00e1s r\u00e1pido). Echar un poco de sal a la mezcla y batir unos segundos m\u00e1s.", "sort_number": 10, "recipe": 16, "image": "https://c1.staticflickr.com/1/444/18293798980_11e160f841_o.png", "time": 0.0, "video": ""}, "pk": 144}, {"model": "recipes.recipedirection", "fields": {"description": "Tamizar la harina una o dos veces (dependiendo de lo suelta que est\u00e9).", "sort_number": 11, "recipe": 16, "image": "", "time": 0.0, "video": ""}, "pk": 145}, {"model": "recipes.recipedirection", "fields": {"description": "Espolvorear la harina sobre los huevos poco a poco mientras vamos mezclando con movimientos envolventes.", "sort_number": 12, "recipe": 16, "image": "", "time": 0.0, "video": ""}, "pk": 146}, {"model": "recipes.recipedirection", "fields": {"description": "Poner a calentar una sart\u00e9n a fuego medio con una gota de aceite y el horno a precalentar a 180 grados cent\u00edgrados.", "sort_number": 13, "recipe": 16, "image": "", "time": 0.0, "video": ""}, "pk": 147}, {"model": "recipes.recipedirection", "fields": {"description": "En una bandeja de unos 20 por 30 cent\u00edmetros aproximadamente colocar papel de horno.", "sort_number": 14, "recipe": 16, "image": "", "time": 0.0, "video": ""}, "pk": 148}, {"model": "recipes.recipedirection", "fields": {"description": "Pasar las tiras de calabac\u00edn por la sart\u00e9n el tiempo justo para que se doren un poco, secarles el aceite y colocarlas sobre el papel de horno. Repetir el proceso hasta rellenar la bandeja por completo.", "sort_number": 15, "recipe": 16, "image": "https://c1.staticflickr.com/1/293/18886903825_8d81d5f59b_o.png", "time": 0.0, "video": ""}, "pk": 149}, {"model": "recipes.recipedirection", "fields": {"description": "Echar la masa sobre las tiras de calabac\u00edn de la bandeja, moviendo la bandeja lateralmente para cubrirla perfectamente toda entera.", "sort_number": 16, "recipe": 16, "image": "https://c1.staticflickr.com/1/375/17858863364_16d8a6719a_o.png", "time": 0.0, "video": ""}, "pk": 150}, {"model": "recipes.recipedirection", "fields": {"description": "Hornear durante unos 10 minutos (el bizcocho deber\u00e1 haber cogido algo de color y al introducir un palillo en el centro deber\u00e1 salir limpio).", "sort_number": 17, "recipe": 16, "image": "https://c1.staticflickr.com/1/444/18295328919_8ff868c5eb_o.png", "time": 10.0, "video": ""}, "pk": 151}, {"model": "recipes.recipedirection", "fields": {"description": "Sacar el bizcocho del horno y verter el relleno bien extendido por encima.", "sort_number": 18, "recipe": 16, "image": "https://c1.staticflickr.com/1/544/18293703318_b166de48b9_o.png", "time": 0.0, "video": ""}, "pk": 152}, {"model": "recipes.recipedirection", "fields": {"description": "Enrollar sobre s\u00ed mismo el bizcocho desde el lado m\u00e1s estrecho.", "sort_number": 19, "recipe": 16, "image": "https://c1.staticflickr.com/1/504/18455095026_7fd8229fce_o.png", "time": 0.0, "video": ""}, "pk": 153}, {"model": "recipes.recipedirection", "fields": {"description": "Reservar el bizcocho enrollado tapado con el papel de horno durante 2 horas.", "sort_number": 20, "recipe": 16, "image": "https://c1.staticflickr.com/1/449/18455094756_3aa0789116_o.png", "time": 0.0, "video": ""}, "pk": 154}, {"model": "recipes.recipedirection", "fields": {"description": "Precalentar el horno a 200 grados cent\u00edgrados.", "sort_number": 21, "recipe": 16, "image": "", "time": 0.0, "video": ""}, "pk": 155}, {"model": "recipes.recipedirection", "fields": {"description": "Rallar la otra mitad del queso.", "sort_number": 22, "recipe": 16, "image": "", "time": 0.0, "video": ""}, "pk": 156}, {"model": "recipes.recipedirection", "fields": {"description": "Colocar el bizcocho enrollado sobre una bandeja de horno con papel de hornear.", "sort_number": 23, "recipe": 16, "image": "", "time": 0.0, "video": ""}, "pk": 157}, {"model": "recipes.recipedirection", "fields": {"description": "Meterlo en el horno y dejar que se gratine durante 5 o 10 minutos.", "sort_number": 24, "recipe": 16, "image": "", "time": 5.0, "video": ""}, "pk": 158}, {"model": "recipes.recipedirection", "fields": {"description": "Sacarlo del horno y reservar hasta que se enfr\u00ede un poco (unos 5 minutos).", "sort_number": 25, "recipe": 16, "image": "https://c1.staticflickr.com/1/534/17860837503_197331b89c_o.png", "time": 5.0, "video": ""}, "pk": 159}, {"model": "recipes.recipedirection", "fields": {"description": "Cortarlo en rodajas de unos 2 cent\u00edmetros y servir.", "sort_number": 26, "recipe": 16, "image": "", "time": 0.0, "video": ""}, "pk": 160}, {"model": "recipes.recipedirection", "fields": {"description": "Poner una olla con abundante agua con sal a hervir.", "sort_number": 1, "recipe": 17, "image": "https://c1.staticflickr.com/1/349/18594988541_af3bf4a89d_o.png", "time": 0.0, "video": ""}, "pk": 161}, {"model": "recipes.recipedirection", "fields": {"description": "Lavar las endivias e introducirlas en el agua hirviendo. Dejar cocer durante unos 10 o 15 minutos.", "sort_number": 2, "recipe": 17, "image": "", "time": 10.0, "video": ""}, "pk": 162}, {"model": "recipes.recipedirection", "fields": {"description": "Sacar las endivias y escurrirlas muy bien. Dejarlas en un recipiente con papel absorbente para que terminen de soltar todo el agua.", "sort_number": 3, "recipe": 17, "image": "", "time": 0.0, "video": ""}, "pk": 163}, {"model": "recipes.recipedirection", "fields": {"description": "Pelar y cortar la cebolla en juliana.", "sort_number": 4, "recipe": 17, "image": "", "time": 0.0, "video": ""}, "pk": 164}, {"model": "recipes.recipedirection", "fields": {"description": "Trocear el jam\u00f3n serrano y el queso en tiras finas de un cent\u00edmetro de ancho aproximadamente.", "sort_number": 5, "recipe": 17, "image": "", "time": 0.0, "video": ""}, "pk": 165}, {"model": "recipes.recipedirection", "fields": {"description": "Poner una sart\u00e9n con un poco de aceite de oliva a calentar a fuego medio.", "sort_number": 6, "recipe": 17, "image": "", "time": 0.0, "video": ""}, "pk": 166}, {"model": "recipes.recipedirection", "fields": {"description": "A\u00f1adir la cebolla a la sart\u00e9n con un poco de sal y dejar que se pochen lentamente durante unos 10 minutos. Reservar.", "sort_number": 7, "recipe": 17, "image": "https://c1.staticflickr.com/1/431/18592872805_08d6d52998_o.png", "time": 10.0, "video": ""}, "pk": 167}, {"model": "recipes.recipedirection", "fields": {"description": "Precalentar el horno a 180 grados cent\u00edgrados.", "sort_number": 8, "recipe": 17, "image": "", "time": 0.0, "video": ""}, "pk": 168}, {"model": "recipes.recipedirection", "fields": {"description": "Abrir las endivias por la mitad transversalmente y colocar las mitades en una bandeja apta para horno.", "sort_number": 9, "recipe": 17, "image": "https://c1.staticflickr.com/9/8854/18566500346_2f140acd4d_o.png", "time": 0.0, "video": ""}, "pk": 169}, {"model": "recipes.recipedirection", "fields": {"description": "Repartir sobre las endivias la cebolla, el jam\u00f3n y el queso.", "sort_number": 10, "recipe": 17, "image": "https://c1.staticflickr.com/1/344/18406712659_3822245240_o.png", "time": 0.0, "video": ""}, "pk": 170}, {"model": "recipes.recipedirection", "fields": {"description": "Introducir la bandeja en el horno y dejar un par de minutos (el tiempo justo para que se derrita el queso).", "sort_number": 11, "recipe": 17, "image": "", "time": 0.0, "video": ""}, "pk": 171}, {"model": "recipes.recipedirection", "fields": {"description": "Antes de nada, hay que lavar con abundante agua el pulpo. Hay que repasar bien todos los brazos y tent\u00e1culos y luego darle la vuelta para limpiar la cabeza.", "sort_number": 1, "recipe": 18, "image": "", "time": 0.0, "video": ""}, "pk": 172}, {"model": "recipes.recipedirection", "fields": {"description": "Poner una olla con abundante agua (que el pulpo quede bien cubierto de agua) y sal a fuego fuerte.", "sort_number": 2, "recipe": 18, "image": "", "time": 0.0, "video": ""}, "pk": 173}, {"model": "recipes.recipedirection", "fields": {"description": "Cuando el agua est\u00e9 hirviendo, hay que agarrar el pulpo por la cabeza (con un tenedor, unas pinzas o simplemente con las manos, con mucho cuidado) e introducirlo en el agua 3 segundos y sacarlo otros 3. Este proceso hay que repetirlo unas 3 o 4 veces (depende de a quien le preguntes son m\u00e1s o menos).", "sort_number": 3, "recipe": 18, "image": "", "time": 0.0, "video": ""}, "pk": 174}, {"model": "recipes.recipedirection", "fields": {"description": "Dejar que el pulpo se cueza durante el tiempo necesario. Dejarlo cocer e ir pinchando con el tenedor (como cuando se cuecen patatas) para ver si est\u00e1 listo.", "sort_number": 4, "recipe": 18, "image": "", "time": 30.0, "video": ""}, "pk": 175}, {"model": "recipes.recipedirection", "fields": {"description": "Ahora solo queda limpiar bien el pulpo. Cortar para separar la cabeza de los tent\u00e1culos y quitar la boca cortado alrededor.", "sort_number": 5, "recipe": 18, "image": "", "time": 0.0, "video": ""}, "pk": 176}, {"model": "recipes.recipedirection", "fields": {"description": "Cocer las patatas en abundante agua con sal durante unos 15 o 20 minutos.", "sort_number": 6, "recipe": 18, "image": "", "time": 15.0, "video": ""}, "pk": 177}, {"model": "recipes.recipedirection", "fields": {"description": "Trocearlas en rodajas de un cent\u00edmetro o 2 de grosor.", "sort_number": 7, "recipe": 18, "image": "", "time": 0.0, "video": ""}, "pk": 178}, {"model": "recipes.recipedirection", "fields": {"description": "Trocear el pulpo en rodajas de un cent\u00edmetro aproximadamente.", "sort_number": 8, "recipe": 18, "image": "", "time": 0.0, "video": ""}, "pk": 179}, {"model": "recipes.recipedirection", "fields": {"description": "Colocar las patatas sobre la fuente o bandeja a servir. Encima colocar las rodajas de pulpo bien repartidas.", "sort_number": 9, "recipe": 18, "image": "", "time": 0.0, "video": ""}, "pk": 180}, {"model": "recipes.recipedirection", "fields": {"description": "Espolvorear con sal gorda, piment\u00f3n picante y a\u00f1adir un buen chorro de aceite de oliva.", "sort_number": 10, "recipe": 18, "image": "", "time": 0.0, "video": ""}, "pk": 181}, {"model": "recipes.recipedirection", "fields": {"description": "Poner los garbanzos a remojo durante al menos 8 horas (mejor 12).", "sort_number": 1, "recipe": 19, "image": "", "time": 0.0, "video": ""}, "pk": 182}, {"model": "recipes.recipedirection", "fields": {"description": "Poner las carnes en la olla a presi\u00f3n, cubrir con agua, sazonar y calentar. Ir desespumando hasta que empiece a hervir.", "sort_number": 2, "recipe": 19, "image": "https://c1.staticflickr.com/9/8776/17495374644_8b3147e050_o.png", "time": 0.0, "video": ""}, "pk": 183}, {"model": "recipes.recipedirection", "fields": {"description": "A\u00f1adir los garbanzos. Tapar la olla y dejar cocinar durante unos 30 minutos a partir de que empiece a salir el vapor. Si no se usa olla a presi\u00f3n, cocinar los garbanzos durante al menos una hora y media (puede que dos).", "sort_number": 3, "recipe": 19, "image": "", "time": 30.0, "video": ""}, "pk": 184}, {"model": "recipes.recipedirection", "fields": {"description": "Pelar y picar la cebolleta y los ajos. Ponerlos en una sart\u00e9n a fuego medio para que se pochen.", "sort_number": 4, "recipe": 19, "image": "https://c2.staticflickr.com/8/7696/18117991875_c13ded76ca_o.png", "time": 0.0, "video": ""}, "pk": 185}, {"model": "recipes.recipedirection", "fields": {"description": "Echar el tomate bien picado y sazonar. Rehogar un poco y a\u00f1adir el piment\u00f3n, el or\u00e9gano y el azafr\u00e1n. Remover.", "sort_number": 5, "recipe": 19, "image": "https://c2.staticflickr.com/8/7664/18091502376_0dfac331cf_o.png", "time": 0.0, "video": ""}, "pk": 186}, {"model": "recipes.recipedirection", "fields": {"description": "Pelar y trocear las patatas en dados medianos.", "sort_number": 6, "recipe": 19, "image": "", "time": 0.0, "video": ""}, "pk": 187}, {"model": "recipes.recipedirection", "fields": {"description": "Cuando el cocido este listo, retirar las carnes de la olla y trocearlas quitando los huesos y sobrantes.", "sort_number": 7, "recipe": 19, "image": "https://c2.staticflickr.com/8/7675/18091501906_d48086b175_o.png", "time": 0.0, "video": ""}, "pk": 188}, {"model": "recipes.recipedirection", "fields": {"description": "Echar las verduras pochadas, las patatas y la pasta a la olla.", "sort_number": 8, "recipe": 19, "image": "https://c1.staticflickr.com/9/8837/17931761929_214891034d_o.png", "time": 0.0, "video": ""}, "pk": 189}, {"model": "recipes.recipedirection", "fields": {"description": "Cocinar durante unos 6 u 8 minutos (dependiendo de las instrucciones de la pasta).", "sort_number": 9, "recipe": 19, "image": "", "time": 6.0, "video": ""}, "pk": 190}, {"model": "recipes.recipedirection", "fields": {"description": "Abrir la olla, volver a introducir las carnes y remover. Espolvorear perejil picado al servir.", "sort_number": 10, "recipe": 19, "image": "", "time": 0.0, "video": ""}, "pk": 191}, {"model": "recipes.recipedirection", "fields": {"description": "Si se va a usar una barra de pan duro, cortarla en rebanadas de poco m\u00e1s de un cent\u00edmetro. Si el pan no est\u00e1 suficientemente duro, hacer las rebanadas m\u00e1s anchas para que no se deshagan.", "sort_number": 1, "recipe": 20, "image": "", "time": 0.0, "video": ""}, "pk": 192}, {"model": "recipes.recipedirection", "fields": {"description": "Echar el vino en un cazo y calentarlo a fuego medio. A\u00f1adir el az\u00facar y dejar que se diluya sin llegar a ebullici\u00f3n. Apartar y dejar enfriar.", "sort_number": 2, "recipe": 20, "image": "", "time": 0.0, "video": ""}, "pk": 193}, {"model": "recipes.recipedirection", "fields": {"description": "Cortar tiras de la piel del lim\u00f3n con cuidado de no dejar la parte blanca, que amarga. Con un pelapatatas resulta muy f\u00e1cil.", "sort_number": 3, "recipe": 20, "image": "", "time": 0.0, "video": ""}, "pk": 194}, {"model": "recipes.recipedirection", "fields": {"description": "En el mismo o en otro cazo infusionar llevar la leche casi al punto de ebullici\u00f3n. Apartar del fuego y a\u00f1adir la rama de canela y la piel de lim\u00f3n. Dejar que se enfr\u00ede hasta llegar a temperatura ambiente.", "sort_number": 4, "recipe": 20, "image": "", "time": 0.0, "video": ""}, "pk": 195}, {"model": "recipes.recipedirection", "fields": {"description": "Cuando la leche y el vino est\u00e9n fr\u00edos, quitar la rama de canela y la piel de lim\u00f3n de la leche. Mezclar la leche y el vino en un mismo recipiente.", "sort_number": 5, "recipe": 20, "image": "", "time": 0.0, "video": ""}, "pk": 196}, {"model": "recipes.recipedirection", "fields": {"description": "Ba\u00f1ar las rebanadas de pan en la mezcla de leche y vino. Dejarlas sobre una bandeja para que vayan soltando el l\u00edquido sobrante.", "sort_number": 6, "recipe": 20, "image": "https://c2.staticflickr.com/8/7733/17929925800_08c852ab39_o.png", "time": 0.0, "video": ""}, "pk": 197}, {"model": "recipes.recipedirection", "fields": {"description": "Poner el aceite en una sart\u00e9n a fuego fuerte y batir los huevos en otro recipiente.", "sort_number": 7, "recipe": 20, "image": "", "time": 0.0, "video": ""}, "pk": 198}, {"model": "recipes.recipedirection", "fields": {"description": "Pasar las rebanadas por el huevo por ambas caras y fre\u00edr en el aceite bien caliente. Cuando est\u00e9n doradas por un lado, darles la vuelta y dejar que se tuesten por el otro. Sacarlas a una bandeja con papel absorbente para que escurran el aceite sobrante.", "sort_number": 8, "recipe": 20, "image": "https://c1.staticflickr.com/9/8857/18114165392_d4a01bcde5_o.png", "time": 0.0, "video": ""}, "pk": 199}, {"model": "recipes.recipedirection", "fields": {"description": "Espolvorear canela en polvo y az\u00facar glas sobre las torrijas.", "sort_number": 9, "recipe": 20, "image": "", "time": 0.0, "video": ""}, "pk": 200}, {"model": "recipes.recipedirection", "fields": {"description": "Echar la miel y el agua en un cazo y calentar hasta que la miel se diluya un poco, para que no quede tan espesa.", "sort_number": 10, "recipe": 20, "image": "", "time": 0.0, "video": ""}, "pk": 201}, {"model": "recipes.recipedirection", "fields": {"description": "Ba\u00f1ar las torrijas en la miel.", "sort_number": 11, "recipe": 20, "image": "https://c1.staticflickr.com/9/8795/18117638795_99488b1564_o.png", "time": 0.0, "video": ""}, "pk": 202}, {"model": "recipes.recipedirection", "fields": {"description": "Quitar las puntas a las jud\u00edas verdes, cortarlas longitudinalmente en dos y luego cada trozo resultante en tres de igual tama\u00f1o.", "sort_number": 1, "recipe": 21, "image": "", "time": 0.0, "video": ""}, "pk": 203}, {"model": "recipes.recipedirection", "fields": {"description": "Cocer las jud\u00edas en abundante agua con sal durante unos 15 minutos.", "sort_number": 2, "recipe": 21, "image": "", "time": 15.0, "video": ""}, "pk": 204}, {"model": "recipes.recipedirection", "fields": {"description": "Cocer las patatas y los huevos en abundante agua con sal. Los huevos deben cocer durante unos 10 minutos y las patatas de 20 a 40 minutos (dependiendo del tama\u00f1o).", "sort_number": 3, "recipe": 21, "image": "", "time": 20.0, "video": ""}, "pk": 205}, {"model": "recipes.recipedirection", "fields": {"description": "Pelar y trocear las patatas en l\u00e1minas de unos 2 cent\u00edmetros.", "sort_number": 4, "recipe": 21, "image": "", "time": 0.0, "video": ""}, "pk": 206}, {"model": "recipes.recipedirection", "fields": {"description": "Quitar las c\u00e1scaras de los huevos y cortarlos por la mitad a lo largo.", "sort_number": 5, "recipe": 21, "image": "", "time": 0.0, "video": ""}, "pk": 207}, {"model": "recipes.recipedirection", "fields": {"description": "Lavar y laminar los tomates muy finalmente (en tiras de medio cent\u00edmetro aproximadamente).", "sort_number": 6, "recipe": 21, "image": "", "time": 0.0, "video": ""}, "pk": 208}, {"model": "recipes.recipedirection", "fields": {"description": "Cuando est\u00e9n todos los ingredientes a temperatura ambiente, montar el plato poniendo primero una capa de patata, luego tomate, siguiendo con las jud\u00edas, el bonito y por \u00faltimo los huevos. Ali\u00f1ar con sal, aceite de oliva y vinagre de Jerez.", "sort_number": 7, "recipe": 21, "image": "", "time": 0.0, "video": ""}, "pk": 209}, {"model": "recipes.recipecomment", "fields": {"recipe": 2, "user": 1, "comment": "Fant\u00e1stica receta. \u00a1Por favor, sube otra!", "timestamp": "2016-03-25T17:11:44.390Z"}, "pk": 1}, {"model": "recipes.recipecomment", "fields": {"recipe": 6, "user": 1, "comment": "Mmmm... creo que se podr\u00edan hacer algunos cambios para mejorarla.", "timestamp": "2016-03-25T17:12:13.371Z"}, "pk": 2}, {"model": "recipes.reciperating", "fields": {"rating": 5, "recipe": 2, "user": 1}, "pk": 1}, {"model": "recipes.reciperating", "fields": {"rating": 4, "recipe": 6, "user": 1}, "pk": 2}, {"model": "recipes.reciperating", "fields": {"rating": 3, "recipe": 8, "user": 1}, "pk": 3}, {"model": "recipes.reciperating", "fields": {"rating": 2, "recipe": 16, "user": 1}, "pk": 4}]